candidate,seed,official_score
Candidate_A,10000,558.8659638578923
Candidate_A,10001,855.4699314507088
Candidate_A,10002,906.5851419565543
Candidate_A,10003,112.30043452752608
Candidate_A,10004,792.1697249480603
Candidate_A,10005,299.28167161536805
Candidate_A,10006,394.2331900335836
Candidate_A,10007,703.7380736465478
Candidate_A,10008,511.956737678424
Candidate_A,10009,460.85746679881515
Candidate_A,10010,415.0334064945027
Candidate_A,10011,623.6028487167554
Candidate_A,10012,724.5393302677571
Candidate_A,10013,876.9929933823088
Candidate_A,10014,678.5966027128471
Candidate_A,10015,736.1355772474698
Candidate_A,10016,755.3085037210521
Candidate_A,10017,701.0971467569357
Candidate_A,10018,559.9694442942404
Candidate_A,10019,780.2017112854602
Candidate_A,10020,818.2468408795447
Candidate_A,10021,994.6790571630148
Candidate_A,10022,832.8833330971541
Candidate_A,10023,388.8599844332737
Candidate_A,10024,753.0462017480985
Candidate_A,10025,382.57884994733183
Candidate_A,10026,623.4875038342248
Candidate_A,10027,440.0389836706787
Candidate_A,10028,652.2298746147871
Candidate_A,10029,1111.3303274240905
Candidate_A,10030,922.4801972559706
Candidate_A,10031,602.4003298393922
Candidate_A,10032,244.04287914065597
Candidate_A,10033,1194.9168388720543
Candidate_A,10034,205.13259803339352
Candidate_A,10035,477.9167304632506
Candidate_A,10036,542.7603961470886
Candidate_A,10037,730.5791611303097
Candidate_A,10038,494.2865015897176
Candidate_A,10039,850.608389847389
Candidate_A,10040,283.0353846136132
Candidate_A,10041,604.0756186472083
Candidate_A,10042,559.5593997831336
Candidate_A,10043,365.43137912844946
Candidate_A,10044,682.4591386493003
Candidate_A,10045,924.1115412739545
Candidate_A,10046,586.4050761496683
Candidate_A,10047,1138.1411134786138
Candidate_A,10048,612.0657999771802
Candidate_A,10049,332.5920506334459
Candidate_A,10050,443.797827512994
Candidate_A,10051,415.5001248445407
Candidate_A,10052,808.3590072011461
Candidate_A,10053,440.97279985356187
Candidate_A,10054,898.3435761546432
Candidate_A,10055,852.878754317166
Candidate_A,10056,755.2370142734393
Candidate_A,10057,480.8676238985978
Candidate_A,10058,527.0244329226349
Candidate_A,10059,577.5689713138435
Candidate_A,10060,682.116188535187
Candidate_A,10061,778.0191706215219
Candidate_A,10062,887.7028888711839
Candidate_A,10063,816.5386882160192
Candidate_A,10064,524.9108852777729
Candidate_A,10065,312.8493759107211
Candidate_A,10066,823.8405180202406
Candidate_A,10067,341.0080765803528
Candidate_A,10068,167.94637414638768
Candidate_A,10069,298.36153883052725
Candidate_A,10070,682.8679685540334
Candidate_A,10071,480.3694638653082
Candidate_A,10072,668.3536436641258
Candidate_A,10073,536.9264336471748
Candidate_A,10074,1125.408288836321
Candidate_A,10075,690.6942844193786
Candidate_A,10076,641.8967632633619
Candidate_A,10077,171.06377003829056
Candidate_A,10078,912.1224422865503
Candidate_A,10079,623.4895737644354
Candidate_A,10080,807.8242490920721
Candidate_A,10081,1080.7889965042555
Candidate_A,10082,740.5216015605001
Candidate_A,10083,653.2333413126559
Candidate_A,10084,597.6338843343077
Candidate_A,10085,177.6533325937041
Candidate_A,10086,521.242468277026
Candidate_A,10087,218.16331381023866
Candidate_A,10088,301.3038772255515
Candidate_A,10089,1004.5440266476921
Candidate_A,10090,447.3077794270794
Candidate_A,10091,565.0715395470045
Candidate_A,10092,653.5997339757484
Candidate_A,10093,956.4274471767269
Candidate_A,10094,781.7143822936613
Candidate_A,10095,507.2270345149546
Candidate_A,10096,996.1253638825385
Candidate_A,10097,357.25949635895313
Candidate_A,10098,469.68399696669735
Candidate_A,10099,739.5330284555357
Candidate_A,10100,645.536859001924
Candidate_A,10101,1188.7199482588353
Candidate_A,10102,983.0209031539919
Candidate_A,10103,857.8538546241635
Candidate_A,10104,764.6177340438112
Candidate_A,10105,809.3931047245643
Candidate_A,10106,232.24133344557825
Candidate_A,10107,727.1063437270923
Candidate_A,10108,818.531422706131
Candidate_A,10109,790.4275712388364
Candidate_A,10110,364.4013783743163
Candidate_A,10111,962.312182323003
Candidate_A,10112,674.0333134580161
Candidate_A,10113,288.63905527739416
Candidate_A,10114,858.9214450736617
Candidate_A,10115,450.646115994466
Candidate_A,10116,569.0972201996855
Candidate_A,10117,605.4219518978989
Candidate_A,10118,386.2755287652463
Candidate_A,10119,116.57416577111132
Candidate_A,10120,385.98476849919274
Candidate_A,10121,775.2810178101449
Candidate_A,10122,551.0563228059866
Candidate_A,10123,649.8195938571371
Candidate_A,10124,846.9307973076038
Candidate_A,10125,685.3285106238862
Candidate_A,10126,813.6690770020531
Candidate_A,10127,340.9875521751171
Candidate_A,10128,493.4017208338961
Candidate_A,10129,487.28806314156725
Candidate_A,10130,1141.0855947089653
Candidate_A,10131,863.157565919448
Candidate_A,10132,266.8135738401228
Candidate_A,10133,565.8324041706782
Candidate_A,10134,1148.802836437612
Candidate_A,10135,491.78308169498996
Candidate_A,10136,703.9144684249302
Candidate_A,10137,549.0746533452083
Candidate_A,10138,687.8057641880965
Candidate_A,10139,830.9715564036173
Candidate_A,10140,640.4839417781978
Candidate_A,10141,403.7719769709275
Candidate_A,10142,969.8846098311864
Candidate_A,10143,314.20454003761085
Candidate_A,10144,711.6504940005331
Candidate_A,10145,877.4008020177955
Candidate_A,10146,608.8239850387747
Candidate_A,10147,858.0178536672199
Candidate_A,10148,818.6333087168367
Candidate_A,10149,594.2822273215374
Candidate_A,10150,1102.321682747196
Candidate_A,10151,600.576174588129
Candidate_A,10152,630.7657175623893
Candidate_A,10153,582.5289244134852
Candidate_A,10154,271.58481461209993
Candidate_A,10155,629.0776674417087
Candidate_A,10156,1166.6940428019711
Candidate_A,10157,920.6433280425175
Candidate_A,10158,610.0258668971082
Candidate_A,10159,540.3067125052952
Candidate_A,10160,623.6339202360408
Candidate_A,10161,585.3995110439349
Candidate_A,10162,607.1614898737929
Candidate_A,10163,766.3888896845579
Candidate_A,10164,526.7588684532711
Candidate_A,10165,199.25832649276757
Candidate_A,10166,348.4220957777231
Candidate_A,10167,751.5468503708419
Candidate_A,10168,544.9438980981155
Candidate_A,10169,288.05500344035926
Candidate_A,10170,596.3370040405447
Candidate_A,10171,497.7490398270435
Candidate_A,10172,532.814744286959
Candidate_A,10173,370.1569226199475
Candidate_A,10174,972.9089682805636
Candidate_A,10175,352.0870401336535
Candidate_A,10176,815.5090806668039
Candidate_A,10177,577.9077152036366
Candidate_A,10178,317.13823883800063
Candidate_A,10179,741.0071744849924
Candidate_A,10180,957.7209062475798
Candidate_A,10181,585.8928470358571
Candidate_A,10182,607.2913394341931
Candidate_A,10183,271.3913990747462
Candidate_A,10184,958.9823404726662
Candidate_A,10185,507.79448029545114
Candidate_A,10186,735.5569628249744
Candidate_A,10187,756.5904092834531
Candidate_A,10188,469.96607416704296
Candidate_A,10189,1009.7461367731765
Candidate_A,10190,750.3209198257762
Candidate_A,10191,523.5368657741407
Candidate_A,10192,571.9646348842804
Candidate_A,10193,604.1224078839173
Candidate_A,10194,652.4732200983954
Candidate_A,10195,857.885793772751
Candidate_A,10196,735.3760620198846
Candidate_A,10197,710.9290618633837
Candidate_A,10198,652.3510579827646
Candidate_A,10199,647.340334317413
Candidate_A,10200,577.4872269453916
Candidate_A,10201,783.5480867339859
Candidate_A,10202,709.1264385439035
Candidate_A,10203,1152.3299805200984
Candidate_A,10204,367.16252004484835
Candidate_A,10205,288.646116954243
Candidate_A,10206,274.1064439193739
Candidate_A,10207,616.2681977454869
Candidate_A,10208,530.061992577211
Candidate_A,10209,366.99073678469273
Candidate_A,10210,732.5118573642526
Candidate_A,10211,645.5833494908611
Candidate_A,10212,518.5583109047119
Candidate_A,10213,638.9491519383785
Candidate_A,10214,525.7493992577041
Candidate_A,10215,558.8619626308491
Candidate_A,10216,646.0718268594626
Candidate_A,10217,475.46223297923456
Candidate_A,10218,1077.5083631929763
Candidate_A,10219,688.6673699773568
Candidate_A,10220,893.8414403749064
Candidate_A,10221,643.9946286430259
Candidate_A,10222,524.6739009201218
Candidate_A,10223,1021.0087515761926
Candidate_A,10224,354.22983285090334
Candidate_A,10225,453.99741566917464
Candidate_A,10226,324.39757657423246
Candidate_A,10227,518.7665645524264
Candidate_A,10228,646.5470135452151
Candidate_A,10229,425.91317467867833
Candidate_A,10230,920.2304666522605
Candidate_A,10231,435.24734249981884
Candidate_A,10232,282.1365500989893
Candidate_A,10233,215.0792255922753
Candidate_A,10234,728.1849318786668
Candidate_A,10235,1053.2773385244445
Candidate_A,10236,162.61021596174777
Candidate_A,10237,1118.4887271793423
Candidate_A,10238,366.24180773301623
Candidate_A,10239,633.9140343072308
Candidate_A,10240,393.90944991395844
Candidate_A,10241,597.4804573223848
Candidate_A,10242,582.8363128295388
Candidate_A,10243,463.52374827514717
Candidate_A,10244,395.8915604183105
Candidate_A,10245,677.6179825873724
Candidate_A,10246,294.58977766839763
Candidate_A,10247,864.2637344788152
Candidate_A,10248,623.7720969091785
Candidate_A,10249,891.3880614062979
Candidate_A,10250,534.1643322110357
Candidate_A,10251,623.1627909947712
Candidate_A,10252,743.2021642496796
Candidate_A,10253,404.33256801343197
Candidate_A,10254,862.4542539341543
Candidate_A,10255,803.5358342200173
Candidate_A,10256,858.3606254234332
Candidate_A,10257,512.7750936583948
Candidate_A,10258,622.897638203232
Candidate_A,10259,501.4694917874924
Candidate_A,10260,406.5503832173419
Candidate_A,10261,145.10617351795176
Candidate_A,10262,539.5157274259859
Candidate_A,10263,435.3361205911483
Candidate_A,10264,424.67658841581476
Candidate_A,10265,693.0937688927883
Candidate_A,10266,450.49958030893947
Candidate_A,10267,553.5021225716479
Candidate_A,10268,835.7575791691924
Candidate_A,10269,737.7933892649792
Candidate_A,10270,698.0965362327429
Candidate_A,10271,543.6529980504688
Candidate_A,10272,536.0302820876416
Candidate_A,10273,655.756528117344
Candidate_A,10274,638.2997422508239
Candidate_A,10275,410.3547699909361
Candidate_A,10276,611.4615373855701
Candidate_A,10277,982.7743407070656
Candidate_A,10278,833.535865190333
Candidate_A,10279,413.8840804886859
Candidate_A,10280,461.3950663118134
Candidate_A,10281,494.3097746647883
Candidate_A,10282,1072.1082461631404
Candidate_A,10283,925.2308996143556
Candidate_A,10284,336.92004263503276
Candidate_A,10285,702.2947341361065
Candidate_A,10286,772.4647426289451
Candidate_A,10287,881.8315750392417
Candidate_A,10288,89.01780490670433
Candidate_A,10289,667.6822330497577
Candidate_A,10290,943.567952583267
Candidate_A,10291,395.1267676988347
Candidate_A,10292,603.6938493814985
Candidate_A,10293,91.87934292068327
Candidate_A,10294,591.3692646813455
Candidate_A,10295,1038.1738941266292
Candidate_A,10296,767.5133066011019
Candidate_A,10297,410.440175400968
Candidate_A,10298,704.127427093189
Candidate_A,10299,506.8585779393342
Candidate_B,10000,289.27513782721024
Candidate_B,10001,485.04512581981345
Candidate_B,10002,526.6950500201112
Candidate_B,10003,-2.1711782313436965
Candidate_B,10004,464.1641733097643
Candidate_B,10005,165.00043153407395
Candidate_B,10006,172.39376665614915
Candidate_B,10007,412.13260842349257
Candidate_B,10008,259.70556874001664
Candidate_B,10009,273.8453497070916
Candidate_B,10010,152.5368852806606
Candidate_B,10011,358.24819729703705
Candidate_B,10012,412.7575417460746
Candidate_B,10013,547.7706378128971
Candidate_B,10014,392.8169811537843
Candidate_B,10015,398.57431036197113
Candidate_B,10016,476.9457765618453
Candidate_B,10017,405.7915736768813
Candidate_B,10018,274.3209499189497
Candidate_B,10019,416.73561342575266
Candidate_B,10020,479.63258815934734
Candidate_B,10021,594.572299832733
Candidate_B,10022,485.07203854431464
Candidate_B,10023,171.98702758672465
Candidate_B,10024,427.7136879341561
Candidate_B,10025,163.934418939235
Candidate_B,10026,290.59920420698637
Candidate_B,10027,164.006295714345
Candidate_B,10028,366.17917373300224
Candidate_B,10029,693.6324990605473
Candidate_B,10030,560.598345528506
Candidate_B,10031,346.64262389753804
Candidate_B,10032,129.1866554462976
Candidate_B,10033,733.5832271323391
Candidate_B,10034,59.386205526673486
Candidate_B,10035,261.2952756777962
Candidate_B,10036,307.6267161838366
Candidate_B,10037,401.397501782453
Candidate_B,10038,219.73312529284968
Candidate_B,10039,420.540786826174
Candidate_B,10040,99.56679392389327
Candidate_B,10041,329.4021052934637
Candidate_B,10042,316.70750888115305
Candidate_B,10043,163.28498664750705
Candidate_B,10044,323.0984009622835
Candidate_B,10045,564.1436159046502
Candidate_B,10046,299.4103155509664
Candidate_B,10047,728.4817724668454
Candidate_B,10048,274.98236464039707
Candidate_B,10049,121.12834164166284
Candidate_B,10050,264.4798016772891
Candidate_B,10051,217.45453269378
Candidate_B,10052,449.85902910314616
Candidate_B,10053,216.44145852458232
Candidate_B,10054,519.0990971372668
Candidate_B,10055,493.2585603447785
Candidate_B,10056,445.6005020181803
Candidate_B,10057,161.5078999261438
Candidate_B,10058,260.9404284091257
Candidate_B,10059,247.48070029501505
Candidate_B,10060,378.07732731581984
Candidate_B,10061,471.0659057460379
Candidate_B,10062,511.2667646514459
Candidate_B,10063,479.9385090569135
Candidate_B,10064,295.50334610751895
Candidate_B,10065,101.11536282040625
Candidate_B,10066,431.03249112073405
Candidate_B,10067,142.78785987891416
Candidate_B,10068,43.365678068779154
Candidate_B,10069,68.21861967641915
Candidate_B,10070,360.8493560948062
Candidate_B,10071,273.96372095342866
Candidate_B,10072,374.8301718178983
Candidate_B,10073,249.5512353088178
Candidate_B,10074,684.0080001318314
Candidate_B,10075,364.33604879790096
Candidate_B,10076,338.93762230179055
Candidate_B,10077,-6.577639082364904
Candidate_B,10078,500.07815886676724
Candidate_B,10079,341.57545958889153
Candidate_B,10080,465.82427952687476
Candidate_B,10081,629.1637030895411
Candidate_B,10082,400.0489560371817
Candidate_B,10083,306.47437612814696
Candidate_B,10084,301.4473798462254
Candidate_B,10085,1.5827030527269932
Candidate_B,10086,229.9259071156865
Candidate_B,10087,71.46487534326906
Candidate_B,10088,144.34923088900962
Candidate_B,10089,585.857207233566
Candidate_B,10090,173.78583811965953
Candidate_B,10091,268.6504193919925
Candidate_B,10092,431.90247924018075
Candidate_B,10093,563.0392156442689
Candidate_B,10094,445.86684021197374
Candidate_B,10095,257.8939733575595
Candidate_B,10096,571.9925887690961
Candidate_B,10097,147.40124838757072
Candidate_B,10098,222.1052413249792
Candidate_B,10099,402.00971554005133
Candidate_B,10100,397.700018770287
Candidate_B,10101,693.1418924695274
Candidate_B,10102,596.9640475221978
Candidate_B,10103,510.04260407187337
Candidate_B,10104,488.5885261208121
Candidate_B,10105,386.33130875594264
Candidate_B,10106,69.21479254690138
Candidate_B,10107,342.1938881077387
Candidate_B,10108,485.2321611982959
Candidate_B,10109,444.61402413608766
Candidate_B,10110,155.06064799343653
Candidate_B,10111,594.3113015999209
Candidate_B,10112,377.9685952065973
Candidate_B,10113,135.8290934858863
Candidate_B,10114,477.00355535990826
Candidate_B,10115,261.1577463705399
Candidate_B,10116,256.93004445382024
Candidate_B,10117,326.82161363696025
Candidate_B,10118,126.92476474176739
Candidate_B,10119,-8.07922273296173
Candidate_B,10120,185.75873048509675
Candidate_B,10121,439.1177704304711
Candidate_B,10122,341.7437145274986
Candidate_B,10123,327.19240937265016
Candidate_B,10124,506.349372313412
Candidate_B,10125,388.8894535409553
Candidate_B,10126,454.2472307859587
Candidate_B,10127,88.76252482829815
Candidate_B,10128,228.14035100332873
Candidate_B,10129,167.18877935617184
Candidate_B,10130,714.1953476529656
Candidate_B,10131,455.538471440786
Candidate_B,10132,122.88222224910992
Candidate_B,10133,300.00979772441804
Candidate_B,10134,680.2414550772551
Candidate_B,10135,247.64371981951896
Candidate_B,10136,309.7126802344994
Candidate_B,10137,347.3699086747813
Candidate_B,10138,381.48221218668294
Candidate_B,10139,453.2502987730905
Candidate_B,10140,355.2298430689157
Candidate_B,10141,220.47493312063477
Candidate_B,10142,543.976676088963
Candidate_B,10143,147.5851268787295
Candidate_B,10144,416.52592560225435
Candidate_B,10145,518.978083124274
Candidate_B,10146,315.06758100878193
Candidate_B,10147,480.6804907280374
Candidate_B,10148,476.5712139594196
Candidate_B,10149,335.43601956064407
Candidate_B,10150,697.8061463809009
Candidate_B,10151,308.7033340136278
Candidate_B,10152,295.8247802229172
Candidate_B,10153,289.6664441243431
Candidate_B,10154,90.13924500289767
Candidate_B,10155,348.7422054520146
Candidate_B,10156,756.302890583479
Candidate_B,10157,565.0784867278774
Candidate_B,10158,324.768695562831
Candidate_B,10159,266.2924322921783
Candidate_B,10160,370.8420486989081
Candidate_B,10161,321.0482277868939
Candidate_B,10162,347.50351189835436
Candidate_B,10163,449.4765055903484
Candidate_B,10164,285.7053191698125
Candidate_B,10165,11.07751633289713
Candidate_B,10166,218.7996950754376
Candidate_B,10167,434.6791268483849
Candidate_B,10168,275.1564798861198
Candidate_B,10169,111.26489727349572
Candidate_B,10170,312.89520989544786
Candidate_B,10171,247.11675955762547
Candidate_B,10172,311.7260037758125
Candidate_B,10173,190.58325199597598
Candidate_B,10174,594.6620070380396
Candidate_B,10175,188.96773535982314
Candidate_B,10176,441.5420080133366
Candidate_B,10177,302.89779918658155
Candidate_B,10178,170.60892221062454
Candidate_B,10179,399.03325496615616
Candidate_B,10180,569.9046523578427
Candidate_B,10181,336.6740734167724
Candidate_B,10182,294.19863857325385
Candidate_B,10183,61.92742754245046
Candidate_B,10184,549.0896009666576
Candidate_B,10185,203.9024626893336
Candidate_B,10186,351.34936518957795
Candidate_B,10187,419.8281369372694
Candidate_B,10188,226.47596783124828
Candidate_B,10189,630.9698331497862
Candidate_B,10190,386.8312986467855
Candidate_B,10191,277.2099800665932
Candidate_B,10192,306.5861353529189
Candidate_B,10193,317.33742485564386
Candidate_B,10194,447.43387049572806
Candidate_B,10195,461.2529928741788
Candidate_B,10196,335.4459102570394
Candidate_B,10197,382.4653254021673
Candidate_B,10198,323.2630053057677
Candidate_B,10199,366.45416452857387
Candidate_B,10200,291.28409851737854
Candidate_B,10201,451.737227120749
Candidate_B,10202,419.8698385467819
Candidate_B,10203,696.4162931666292
Candidate_B,10204,146.905842608409
Candidate_B,10205,143.1965259344433
Candidate_B,10206,80.75990720618414
Candidate_B,10207,320.08937100868667
Candidate_B,10208,250.11644747477388
Candidate_B,10209,181.0076074013301
Candidate_B,10210,417.26371262346765
Candidate_B,10211,333.8717172461137
Candidate_B,10212,238.78118808797245
Candidate_B,10213,306.24209121097556
Candidate_B,10214,312.8783404514414
Candidate_B,10215,260.7687797042464
Candidate_B,10216,341.80940003104865
Candidate_B,10217,212.29406140180294
Candidate_B,10218,670.6527039053143
Candidate_B,10219,370.05703118091236
Candidate_B,10220,555.2372017119706
Candidate_B,10221,437.66382153659623
Candidate_B,10222,264.94513699589544
Candidate_B,10223,604.538400053923
Candidate_B,10224,174.01239818860665
Candidate_B,10225,223.5016782546415
Candidate_B,10226,108.57637406381204
Candidate_B,10227,253.00131360056105
Candidate_B,10228,327.1006456643251
Candidate_B,10229,204.80662451620836
Candidate_B,10230,548.026102689652
Candidate_B,10231,236.38873955242897
Candidate_B,10232,117.93391733519825
Candidate_B,10233,81.86115203272725
Candidate_B,10234,421.1974708336875
Candidate_B,10235,629.3221882608298
Candidate_B,10236,52.52792094796217
Candidate_B,10237,668.8459979946026
Candidate_B,10238,198.65077046361162
Candidate_B,10239,356.75289265859806
Candidate_B,10240,159.65124265206103
Candidate_B,10241,328.082994833209
Candidate_B,10242,269.2869040433472
Candidate_B,10243,194.59607996077273
Candidate_B,10244,161.85274748785395
Candidate_B,10245,368.6646746267083
Candidate_B,10246,75.77439616354485
Candidate_B,10247,497.3992358465387
Candidate_B,10248,338.37999735758297
Candidate_B,10249,520.933792370593
Candidate_B,10250,260.8988004880172
Candidate_B,10251,277.06073039365083
Candidate_B,10252,391.70571961286083
Candidate_B,10253,183.76881628403615
Candidate_B,10254,489.5435958053575
Candidate_B,10255,411.95819669459684
Candidate_B,10256,535.3705957707392
Candidate_B,10257,203.41169311590625
Candidate_B,10258,324.0633000079482
Candidate_B,10259,261.9181838927811
Candidate_B,10260,238.79657636459436
Candidate_B,10261,7.391363136212295
Candidate_B,10262,234.43983515989623
Candidate_B,10263,183.94838674064732
Candidate_B,10264,182.3560436081023
Candidate_B,10265,381.3303385835961
Candidate_B,10266,232.57145645974478
Candidate_B,10267,247.26469351567835
Candidate_B,10268,465.99375525245244
Candidate_B,10269,363.34477403615193
Candidate_B,10270,370.59275039998397
Candidate_B,10271,286.34675714333486
Candidate_B,10272,253.61542972117758
Candidate_B,10273,389.12267900150226
Candidate_B,10274,321.9420548210057
Candidate_B,10275,172.55848636124705
Candidate_B,10276,315.2233485303891
Candidate_B,10277,508.08646760287235
Candidate_B,10278,493.739185957849
Candidate_B,10279,202.351595349532
Candidate_B,10280,173.13556824386325
Candidate_B,10281,212.08995751623743
Candidate_B,10282,620.7082292683654
Candidate_B,10283,579.9189708856924
Candidate_B,10284,154.8976785880992
Candidate_B,10285,420.9348290584055
Candidate_B,10286,355.04869067157443
Candidate_B,10287,543.0452292818852
Candidate_B,10288,5.029905727567574
Candidate_B,10289,317.9253936326152
Candidate_B,10290,536.6695568830836
Candidate_B,10291,185.5615917325603
Candidate_B,10292,341.4443593461446
Candidate_B,10293,-34.79330840836552
Candidate_B,10294,374.19847588543763
Candidate_B,10295,613.4405131321217
Candidate_B,10296,459.0938702327618
Candidate_B,10297,240.23286074601856
Candidate_B,10298,432.8614146208573
Candidate_B,10299,250.99250642382373
Candidate_C,10000,519.3297003196484
Candidate_C,10001,795.1919159106742
Candidate_C,10002,848.1494849252448
Candidate_C,10003,102.41667060045457
Candidate_C,10004,739.2790850350026
Candidate_C,10005,287.6996584404928
Candidate_C,10006,363.03592854707284
Candidate_C,10007,657.3704101435322
Candidate_C,10008,474.9918825459428
Candidate_C,10009,433.42278253892044
Candidate_C,10010,377.5694542656013
Candidate_C,10011,581.5524605760398
Candidate_C,10012,677.0579819869132
Candidate_C,10013,830.8994258047638
Candidate_C,10014,634.6828370570888
Candidate_C,10015,682.9211307687146
Candidate_C,10016,714.8965785785222
Candidate_C,10017,657.34717633369
Candidate_C,10018,517.8951503708307
Candidate_C,10019,721.3285494859347
Candidate_C,10020,767.2854985366591
Candidate_C,10021,929.33033293528
Candidate_C,10022,780.2019906648715
Candidate_C,10023,357.6338106015466
Candidate_C,10024,700.0340135746429
Candidate_C,10025,354.1416133644083
Candidate_C,10026,572.2676214131309
Candidate_C,10027,401.0171402273352
Candidate_C,10028,609.5510171523598
Candidate_C,10029,1042.4397398276146
Candidate_C,10030,868.983199557517
Candidate_C,10031,566.5298412349055
Candidate_C,10032,233.81888698614827
Candidate_C,10033,1117.9383199871613
Candidate_C,10034,191.511666956903
Candidate_C,10035,444.66372751987024
Candidate_C,10036,510.5729569079865
Candidate_C,10037,678.4107412635406
Candidate_C,10038,454.0146204031612
Candidate_C,10039,779.0258264291515
Candidate_C,10040,256.2107611773063
Candidate_C,10041,564.8462012627635
Candidate_C,10042,522.8431283242275
Candidate_C,10043,334.9937389768308
Candidate_C,10044,621.4543863189874
Candidate_C,10045,866.3965440585025
Candidate_C,10046,544.5645866895342
Candidate_C,10047,1069.283791885128
Candidate_C,10048,559.2269728026728
Candidate_C,10049,303.7113045919525
Candidate_C,10050,422.3279482894421
Candidate_C,10051,386.62108081102417
Candidate_C,10052,751.7418001983301
Candidate_C,10053,410.1998770445471
Candidate_C,10054,836.4991138324305
Candidate_C,10055,795.3906283383403
Candidate_C,10056,703.1181846306661
Candidate_C,10057,430.18206190158315
Candidate_C,10058,485.407919512049
Candidate_C,10059,526.6957862509047
Candidate_C,10060,638.558832412534
Candidate_C,10061,731.9719175681495
Candidate_C,10062,828.3266047154655
Candidate_C,10063,763.2336346680188
Candidate_C,10064,494.0297707273348
Candidate_C,10065,281.0007284066542
Candidate_C,10066,763.8908229294626
Candidate_C,10067,317.0591873656005
Candidate_C,10068,158.15663683154656
Candidate_C,10069,264.79955075340945
Candidate_C,10070,635.2686417744565
Candidate_C,10071,452.0655307229301
Candidate_C,10072,622.6746207050653
Candidate_C,10073,494.7326629810286
Candidate_C,10074,1056.08225777495
Candidate_C,10075,641.0099206443282
Candidate_C,10076,592.9032717992483
Candidate_C,10077,149.10107807046953
Candidate_C,10078,846.0800524139765
Candidate_C,10079,583.9800943954297
Candidate_C,10080,756.476184036828
Candidate_C,10081,1007.8621905065042
Candidate_C,10082,687.4821309609756
Candidate_C,10083,602.5122288053607
Candidate_C,10084,552.0091750538155
Candidate_C,10085,156.9326251549361
Candidate_C,10086,478.55801944363185
Candidate_C,10087,198.12863143533173
Candidate_C,10088,281.38205967022526
Candidate_C,10089,937.8344767815788
Candidate_C,10090,409.55355335353704
Candidate_C,10091,517.3649900969502
Candidate_C,10092,623.5824063561685
Candidate_C,10093,892.0437828210138
Candidate_C,10094,725.1374064287562
Candidate_C,10095,471.47518083400945
Candidate_C,10096,927.830364299292
Candidate_C,10097,329.3017228236142
Candidate_C,10098,432.6573972657715
Candidate_C,10099,687.715887124095
Candidate_C,10100,610.3122315726961
Candidate_C,10101,1108.1995912421983
Candidate_C,10102,924.7802719501954
Candidate_C,10103,804.4765483798119
Candidate_C,10104,724.5265926573297
Candidate_C,10105,738.7513881653404
Candidate_C,10106,212.3926326533473
Candidate_C,10107,666.3131537391497
Candidate_C,10108,764.3801557541061
Candidate_C,10109,737.2956678619292
Candidate_C,10110,335.44291869641745
Candidate_C,10111,902.1305697945833
Candidate_C,10112,630.7114603334594
Candidate_C,10113,271.0774439255505
Candidate_C,10114,798.7900193640864
Candidate_C,10115,423.9563170010922
Candidate_C,10116,521.9054062318642
Candidate_C,10117,563.1804815248393
Candidate_C,10118,346.309521963304
Candidate_C,10119,104.01901635501562
Candidate_C,10120,362.79247346718034
Candidate_C,10121,724.8837624784838
Candidate_C,10122,524.6771247580627
Candidate_C,10123,598.5491996034295
Candidate_C,10124,794.3090236529742
Candidate_C,10125,639.0950310206623
Candidate_C,10126,757.3989965089639
Candidate_C,10127,311.6956160751028
Candidate_C,10128,454.52871707491533
Candidate_C,10129,437.00643292608845
Candidate_C,10130,1071.7732056647737
Candidate_C,10131,795.0464241214002
Candidate_C,10132,251.86940443536324
Candidate_C,10133,526.3994038884822
Candidate_C,10134,1075.6877064699663
Candidate_C,10135,456.13395839233107
Candidate_C,10136,641.1148177969552
Candidate_C,10137,522.3188851359079
Candidate_C,10138,641.2887050283894
Candidate_C,10139,773.7526572655946
Candidate_C,10140,598.2770309826825
Candidate_C,10141,375.37890288745314
Candidate_C,10142,903.5292604719194
Candidate_C,10143,294.71183349799094
Candidate_C,10144,666.3419500650723
Candidate_C,10145,822.7114251317358
Candidate_C,10146,563.0508110743564
Candidate_C,10147,795.0989721008402
Candidate_C,10148,766.6363622426751
Candidate_C,10149,554.1203127420716
Candidate_C,10150,1038.402981891455
Candidate_C,10151,557.1727780383017
Candidate_C,10152,579.6810053718658
Candidate_C,10153,538.7195622380492
Candidate_C,10154,247.42086646037401
Candidate_C,10155,587.4552578948869
Candidate_C,10156,1099.4403828720017
Candidate_C,10157,866.4027699864264
Candidate_C,10158,565.6408815244308
Candidate_C,10159,497.71980606940303
Candidate_C,10160,586.0829731558862
Candidate_C,10161,545.0609722176727
Candidate_C,10162,568.5517272630623
Candidate_C,10163,719.9894920962261
Candidate_C,10164,496.35250366733226
Candidate_C,10165,172.90141661054156
Candidate_C,10166,334.56759708040687
Candidate_C,10167,705.9965535805517
Candidate_C,10168,507.1684223057589
Candidate_C,10169,266.66987084767817
Candidate_C,10170,555.5411739334933
Candidate_C,10171,461.6453005568069
Candidate_C,10172,499.1639215240021
Candidate_C,10173,342.76243318424036
Candidate_C,10174,911.5060877329577
Candidate_C,10175,331.38297098704095
Candidate_C,10176,755.4796412436037
Candidate_C,10177,538.5348190502984
Candidate_C,10178,296.5591786110074
Candidate_C,10179,690.1283004870363
Candidate_C,10180,896.5076152525476
Candidate_C,10181,552.5076586306915
Candidate_C,10182,561.44348380878
Candidate_C,10183,239.1146560279288
Candidate_C,10184,892.2698194663737
Candidate_C,10185,463.3037905124136
Candidate_C,10186,673.939755935888
Candidate_C,10187,705.4977673302517
Candidate_C,10188,434.93532775445635
Candidate_C,10189,949.8352071590866
Candidate_C,10190,692.9747168500148
Candidate_C,10191,491.1495688830104
Candidate_C,10192,529.8897823568162
Candidate_C,10193,565.6711042298147
Candidate_C,10194,621.7513595586621
Candidate_C,10195,793.3229864164241
Candidate_C,10196,670.1627742705842
Candidate_C,10197,661.5254277880626
Candidate_C,10198,598.256086566604
Candidate_C,10199,602.8359616568977
Candidate_C,10200,533.340304967243
Candidate_C,10201,730.1481249090447
Candidate_C,10202,666.2546808616556
Candidate_C,10203,1078.7224407339193
Candidate_C,10204,333.396461025728
Candidate_C,10205,271.17188635852665
Candidate_C,10206,249.00995388582874
Candidate_C,10207,571.6509626408582
Candidate_C,10208,490.973368439905
Candidate_C,10209,342.0461202925224
Candidate_C,10210,684.4779222802807
Candidate_C,10211,597.5091276938194
Candidate_C,10212,474.8164138373598
Candidate_C,10213,588.3643125974752
Candidate_C,10214,494.98234817731964
Candidate_C,10215,512.4748018669214
Candidate_C,10216,598.0406653413
Candidate_C,10217,437.8181640366017
Candidate_C,10218,1010.9627499457835
Candidate_C,10219,639.9771324635987
Candidate_C,10220,842.0784729544793
Candidate_C,10221,615.9896555732018
Candidate_C,10222,486.83066529669543
Candidate_C,10223,952.8985639298392
Candidate_C,10224,329.92288360561076
Candidate_C,10225,417.99751351359527
Candidate_C,10226,297.21454241950977
Candidate_C,10227,480.4714040484042
Candidate_C,10228,594.9948033132664
Candidate_C,10229,395.24110167003556
Candidate_C,10230,861.947501707571
Candidate_C,10231,407.9687865514037
Candidate_C,10232,265.19741238156604
Candidate_C,10233,199.6950265629726
Candidate_C,10234,678.9820993902779
Candidate_C,10235,985.9206960630426
Candidate_C,10236,153.6445168620341
Candidate_C,10237,1045.4468694127718
Candidate_C,10238,345.1407324980692
Candidate_C,10239,593.660946166613
Candidate_C,10240,360.8661572767629
Candidate_C,10241,557.7358222153459
Candidate_C,10242,536.9632662905194
Candidate_C,10243,423.70563513789466
Candidate_C,10244,359.36194833403124
Candidate_C,10245,631.4571241142772
Candidate_C,10246,261.4951450725783
Candidate_C,10247,807.2831378420901
Candidate_C,10248,579.305616379461
Candidate_C,10249,833.0165939074026
Candidate_C,10250,494.22180366852
Candidate_C,10251,570.9807171206832
Candidate_C,10252,687.9015723877022
Candidate_C,10253,372.50373487647767
Candidate_C,10254,801.3186358622407
Candidate_C,10255,737.337364656137
Candidate_C,10256,809.0707225105685
Candidate_C,10257,464.2442499679837
Candidate_C,10258,578.9579196561713
Candidate_C,10259,467.2828842334126
Candidate_C,10260,387.1401882548549
Candidate_C,10261,132.1349172269689
Candidate_C,10262,492.32638573192156
Candidate_C,10263,398.0693514737505
Candidate_C,10264,392.09576380908123
Candidate_C,10265,642.125085274057
Candidate_C,10266,417.6690921311831
Candidate_C,10267,506.4387943646086
Candidate_C,10268,777.4104435991976
Candidate_C,10269,679.5563389052502
Candidate_C,10270,645.8389510272523
Candidate_C,10271,505.1892325706345
Candidate_C,10272,494.23183920835436
Candidate_C,10273,614.6325260518439
Candidate_C,10274,589.513404437392
Candidate_C,10275,373.7800486031207
Candidate_C,10276,566.4039441068759
Candidate_C,10277,906.068140753907
Candidate_C,10278,777.1136160105141
Candidate_C,10279,381.76069525820986
Candidate_C,10280,419.9100162110886
Candidate_C,10281,449.6923702685414
Candidate_C,10282,996.7292898739757
Candidate_C,10283,870.9052250884157
Candidate_C,10284,313.48563450389554
Candidate_C,10285,663.5271255493078
Candidate_C,10286,705.6642902786459
Candidate_C,10287,829.1233135509601
Candidate_C,10288,84.94816591949633
Candidate_C,10289,613.0272691314711
Candidate_C,10290,880.342284148917
Candidate_C,10291,364.20580537103257
Candidate_C,10292,568.154226227289
Candidate_C,10293,78.15009195823066
Candidate_C,10294,562.2363526411609
Candidate_C,10295,969.3498741708796
Candidate_C,10296,721.8803302324962
Candidate_C,10297,389.1685752146953
Candidate_C,10298,664.5636631191205
Candidate_C,10299,470.1002667218983
Candidate_D,10000,513.2275247874969
Candidate_D,10001,792.0159589793527
Candidate_D,10002,841.9953732965815
Candidate_D,10003,93.6259199119245
Candidate_D,10004,737.1892376673128
Candidate_D,10005,277.29693319809036
Candidate_D,10006,356.61414651049085
Candidate_D,10007,654.3809297078914
Candidate_D,10008,469.1908991408307
Candidate_D,10009,429.11382490480605
Candidate_D,10010,369.54310213523013
Candidate_D,10011,579.9798719845937
Candidate_D,10012,671.666438480372
Candidate_D,10013,821.78031360658
Candidate_D,10014,629.5809289860325
Candidate_D,10015,679.1214009818628
Candidate_D,10016,707.5719730958549
Candidate_D,10017,651.0467928534055
Candidate_D,10018,511.3167970659853
Candidate_D,10019,718.633067707505
Candidate_D,10020,761.9819328901394
Candidate_D,10021,926.3660356583688
Candidate_D,10022,774.1974130316177
Candidate_D,10023,351.7984621573992
Candidate_D,10024,697.3758353038285
Candidate_D,10025,346.3296460712263
Candidate_D,10026,565.9048415384503
Candidate_D,10027,393.08501542162975
Candidate_D,10028,604.1004578604374
Candidate_D,10029,1040.4132929775262
Candidate_D,10030,860.5724766394213
Candidate_D,10031,559.366496137866
Candidate_D,10032,225.22869902163654
Candidate_D,10033,1116.0577703433783
Candidate_D,10034,179.2564654449587
Candidate_D,10035,439.87750672085406
Candidate_D,10036,502.28500463908085
Candidate_D,10037,674.7308017468458
Candidate_D,10038,447.802654541446
Candidate_D,10039,777.1916292385853
Candidate_D,10040,251.79147599105622
Candidate_D,10041,557.7104593157422
Candidate_D,10042,517.5369746672114
Candidate_D,10043,331.83351459465104
Candidate_D,10044,620.9604948250194
Candidate_D,10045,863.346623822407
Candidate_D,10046,537.5726580476849
Candidate_D,10047,1067.303667661925
Candidate_D,10048,554.8368315912383
Candidate_D,10049,296.78398222406423
Candidate_D,10050,413.27554648940225
Candidate_D,10051,382.371646012519
Candidate_D,10052,746.6516916660568
Candidate_D,10053,403.9598766484381
Candidate_D,10054,834.2805638275302
Candidate_D,10055,791.9399864998969
Candidate_D,10056,703.8775784259752
Candidate_D,10057,426.3488014711952
Candidate_D,10058,482.214178611011
Candidate_D,10059,521.4033543579671
Candidate_D,10060,630.819029272701
Candidate_D,10061,725.8356576340971
Candidate_D,10062,823.7788039506396
Candidate_D,10063,759.3550106113543
Candidate_D,10064,486.4299277223817
Candidate_D,10065,276.2601378846285
Candidate_D,10066,757.0817128486061
Candidate_D,10067,307.4481763254956
Candidate_D,10068,146.5750080617301
Candidate_D,10069,259.021926298679
Candidate_D,10070,628.0038424148898
Candidate_D,10071,446.418899510917
Candidate_D,10072,618.6514881824373
Candidate_D,10073,488.27184275931074
Candidate_D,10074,1050.1897488901257
Candidate_D,10075,635.8939273860923
Candidate_D,10076,591.655139176217
Candidate_D,10077,140.90483253784714
Candidate_D,10078,841.6673859254664
Candidate_D,10079,576.6182264259004
Candidate_D,10080,749.8361879144435
Candidate_D,10081,1004.6687015346985
Candidate_D,10082,682.8654823984274
Candidate_D,10083,594.1441674374927
Candidate_D,10084,547.3287040287264
Candidate_D,10085,147.13460781626063
Candidate_D,10086,472.27694057708845
Candidate_D,10087,194.90641692865609
Candidate_D,10088,276.64934552743847
Candidate_D,10089,932.9854005829872
Candidate_D,10090,400.0588512122959
Candidate_D,10091,515.2872949986175
Candidate_D,10092,616.4704160861845
Candidate_D,10093,889.5448981827114
Candidate_D,10094,723.9821841409041
Candidate_D,10095,464.6767563862337
Candidate_D,10096,923.7769088734707
Candidate_D,10097,322.1634162069775
Candidate_D,10098,427.2300538698143
Candidate_D,10099,682.1220832387859
Candidate_D,10100,603.9296712160044
Candidate_D,10101,1103.835612819827
Candidate_D,10102,916.4984664479431
Candidate_D,10103,798.7262073310015
Candidate_D,10104,718.8087825414434
Candidate_D,10105,736.6196450859593
Candidate_D,10106,204.34950036400332
Candidate_D,10107,661.74604619414
Candidate_D,10108,762.1777219963128
Candidate_D,10109,732.6123083452839
Candidate_D,10110,329.7081336491719
Candidate_D,10111,899.5440161921
Candidate_D,10112,623.4400634557253
Candidate_D,10113,262.3468444171759
Candidate_D,10114,794.54502220108
Candidate_D,10115,418.9803175949645
Candidate_D,10116,516.046363937397
Candidate_D,10117,559.0955215564458
Candidate_D,10118,341.5670714199278
Candidate_D,10119,94.30332667993947
Candidate_D,10120,351.6772836339572
Candidate_D,10121,717.6264470584913
Candidate_D,10122,517.0111233483335
Candidate_D,10123,595.3269962202949
Candidate_D,10124,789.1874429743139
Candidate_D,10125,634.0652210633473
Candidate_D,10126,753.2341603853988
Candidate_D,10127,298.6155990810004
Candidate_D,10128,449.4260243566377
Candidate_D,10129,432.32320639340816
Candidate_D,10130,1068.5636102933565
Candidate_D,10131,793.2735935023011
Candidate_D,10132,241.80178166863772
Candidate_D,10133,520.7086979709089
Candidate_D,10134,1070.1514258096329
Candidate_D,10135,450.6464958523387
Candidate_D,10136,635.5593934106236
Candidate_D,10137,515.9502559230003
Candidate_D,10138,635.2579096695805
Candidate_D,10139,767.8644258726416
Candidate_D,10140,591.8018641634363
Candidate_D,10141,373.0181440118672
Candidate_D,10142,897.8522100144418
Candidate_D,10143,286.09549580600384
Candidate_D,10144,661.6221416926911
Candidate_D,10145,815.8165199112991
Candidate_D,10146,558.5443094295988
Candidate_D,10147,793.5194019276076
Candidate_D,10148,760.3408639360518
Candidate_D,10149,550.0203419368521
Candidate_D,10150,1034.204475640644
Candidate_D,10151,551.0259925767417
Candidate_D,10152,573.375208373065
Candidate_D,10153,531.7763408260987
Candidate_D,10154,241.05579035969268
Candidate_D,10155,581.3753947614483
Candidate_D,10156,1097.1330989333524
Candidate_D,10157,860.6386442383695
Candidate_D,10158,561.1078572480253
Candidate_D,10159,494.12330736484955
Candidate_D,10160,580.3537185506588
Candidate_D,10161,541.0453671110987
Candidate_D,10162,563.9672071443158
Candidate_D,10163,712.5231345518895
Candidate_D,10164,485.7128870895989
Candidate_D,10165,167.72475801458637
Candidate_D,10166,328.09502341833877
Candidate_D,10167,698.7414862889528
Candidate_D,10168,500.5462995174299
Candidate_D,10169,257.57653557634677
Candidate_D,10170,547.4033813233896
Candidate_D,10171,454.30099491204163
Candidate_D,10172,495.23740880428625
Candidate_D,10173,339.8580723373696
Candidate_D,10174,908.8836156668469
Candidate_D,10175,324.76191404678195
Candidate_D,10176,751.2033943192492
Candidate_D,10177,532.1953315708428
Candidate_D,10178,292.41134757684364
Candidate_D,10179,682.4540233669868
Candidate_D,10180,892.9197707539828
Candidate_D,10181,544.1324310848246
Candidate_D,10182,554.3140775701464
Candidate_D,10183,235.78984091200996
Candidate_D,10184,889.2436365171466
Candidate_D,10185,456.09724895244915
Candidate_D,10186,670.8431475649502
Candidate_D,10187,699.8644090470208
Candidate_D,10188,428.3722839914571
Candidate_D,10189,944.9555751916544
Candidate_D,10190,687.8805606939973
Candidate_D,10191,482.07444864000337
Candidate_D,10192,526.8407585731823
Candidate_D,10193,555.8763649479711
Candidate_D,10194,618.1388760993898
Candidate_D,10195,789.5044744086194
Candidate_D,10196,666.6897909328617
Candidate_D,10197,654.9635011237827
Candidate_D,10198,595.9879685417378
Candidate_D,10199,600.5109998756869
Candidate_D,10200,528.7376477077709
Candidate_D,10201,727.1521520502359
Candidate_D,10202,660.2259087789676
Candidate_D,10203,1075.8257343974665
Candidate_D,10204,329.97726926581686
Candidate_D,10205,265.3016115249107
Candidate_D,10206,241.01749900506792
Candidate_D,10207,566.3129087919411
Candidate_D,10208,482.3361090872373
Candidate_D,10209,335.71410149607567
Candidate_D,10210,680.2573821346689
Candidate_D,10211,591.932873277062
Candidate_D,10212,470.46158749854726
Candidate_D,10213,582.2622213749352
Candidate_D,10214,490.51130088700216
Candidate_D,10215,507.22733546718405
Candidate_D,10216,594.3762569974797
Candidate_D,10217,431.66527389608933
Candidate_D,10218,1007.9443787348309
Candidate_D,10219,633.742202978449
Candidate_D,10220,837.1779593105659
Candidate_D,10221,609.4151318580203
Candidate_D,10222,480.6642355660759
Candidate_D,10223,949.9963391980039
Candidate_D,10224,323.8157349213251
Candidate_D,10225,415.1469927286983
Candidate_D,10226,287.71176852435855
Candidate_D,10227,473.4021680933602
Candidate_D,10228,592.754110922707
Candidate_D,10229,388.3606644447019
Candidate_D,10230,857.602669565946
Candidate_D,10231,401.0478124206407
Candidate_D,10232,253.32424238224382
Candidate_D,10233,192.35321979778215
Candidate_D,10234,676.0392492674165
Candidate_D,10235,980.4767951610173
Candidate_D,10236,144.6027272953127
Candidate_D,10237,1041.5202965835515
Candidate_D,10238,338.78054066631444
Candidate_D,10239,587.227698277868
Candidate_D,10240,355.0371666110609
Candidate_D,10241,551.9208897710748
Candidate_D,10242,528.84665349779
Candidate_D,10243,418.2419345017123
Candidate_D,10244,355.91937625683806
Candidate_D,10245,625.6989076481132
Candidate_D,10246,256.631596043271
Candidate_D,10247,801.9149065939287
Candidate_D,10248,575.7357693155303
Candidate_D,10249,829.6279921157401
Candidate_D,10250,487.44388584557385
Candidate_D,10251,563.9723086134261
Candidate_D,10252,683.3745657262574
Candidate_D,10253,367.85082942239075
Candidate_D,10254,798.8370169070845
Candidate_D,10255,736.3720412417748
Candidate_D,10256,804.31188823044
Candidate_D,10257,459.7664166772936
Candidate_D,10258,572.1407972932514
Candidate_D,10259,460.69846992603686
Candidate_D,10260,377.1833394369068
Candidate_D,10261,121.65734033991033
Candidate_D,10262,487.8923298029209
Candidate_D,10263,392.7238984226816
Candidate_D,10264,384.7449676591795
Candidate_D,10265,640.9375028464018
Candidate_D,10266,413.9428770493515
Candidate_D,10267,499.98883073769537
Candidate_D,10268,773.8870981963635
Candidate_D,10269,673.7544615168433
Candidate_D,10270,642.7748650139512
Candidate_D,10271,499.1471584995529
Candidate_D,10272,488.41202488046287
Candidate_D,10273,610.9099463175855
Candidate_D,10274,583.5822602617444
Candidate_D,10275,370.5201770201319
Candidate_D,10276,561.1925076194053
Candidate_D,10277,901.6461958720633
Candidate_D,10278,775.0725220799734
Candidate_D,10279,377.69655642161786
Candidate_D,10280,412.3074764931836
Candidate_D,10281,446.34220237658263
Candidate_D,10282,995.2542693718092
Candidate_D,10283,866.7607744120246
Candidate_D,10284,306.69474913841873
Candidate_D,10285,654.4251554104953
Candidate_D,10286,701.007666725271
Candidate_D,10287,823.8943570580002
Candidate_D,10288,74.8665828030193
Candidate_D,10289,607.8922331905915
Candidate_D,10290,875.7448997416174
Candidate_D,10291,359.9002731739376
Candidate_D,10292,558.775026061599
Candidate_D,10293,70.15107879003867
Candidate_D,10294,554.854769929198
Candidate_D,10295,966.4160870631453
Candidate_D,10296,715.5248245120247
Candidate_D,10297,382.86137072636296
Candidate_D,10298,658.933304232813
Candidate_D,10299,463.4162026388187
Candidate_E,10000,509.24525345119037
Candidate_E,10001,793.9895166466519
Candidate_E,10002,839.6655216796154
Candidate_E,10003,83.62290669076435
Candidate_E,10004,736.0380763227175
Candidate_E,10005,265.7078031668739
Candidate_E,10006,352.12978335446985
Candidate_E,10007,653.660148476692
Candidate_E,10008,465.5618468792949
Candidate_E,10009,426.5297344068569
Candidate_E,10010,366.73940247575547
Candidate_E,10011,576.5988878797732
Candidate_E,10012,669.0026760751451
Candidate_E,10013,813.6880629508767
Candidate_E,10014,628.6362313158883
Candidate_E,10015,677.583566549083
Candidate_E,10016,704.2755959091758
Candidate_E,10017,647.2446845436846
Candidate_E,10018,507.87213825825967
Candidate_E,10019,718.9104677330873
Candidate_E,10020,756.1659648517369
Candidate_E,10021,928.2874242302549
Candidate_E,10022,770.344948318554
Candidate_E,10023,348.7112021176009
Candidate_E,10024,699.0624994588533
Candidate_E,10025,337.9430749023124
Candidate_E,10026,565.8458987374736
Candidate_E,10027,387.99845138490457
Candidate_E,10028,600.0127983906715
Candidate_E,10029,1042.2890352853592
Candidate_E,10030,856.9439897072407
Candidate_E,10031,553.4257991744777
Candidate_E,10032,215.6529395670042
Candidate_E,10033,1120.0876204157655
Candidate_E,10034,171.75646544495876
Candidate_E,10035,440.89822975629977
Candidate_E,10036,497.8563869125722
Candidate_E,10037,674.0051107066138
Candidate_E,10038,443.7655416761117
Candidate_E,10039,780.5739123638228
Candidate_E,10040,249.36962132761693
Candidate_E,10041,552.3334386862468
Candidate_E,10042,516.8721509069716
Candidate_E,10043,328.3936875733955
Candidate_E,10044,625.2821659603854
Candidate_E,10045,862.6074932563017
Candidate_E,10046,533.5806034124352
Candidate_E,10047,1073.006210382905
Candidate_E,10048,553.5918778692378
Candidate_E,10049,291.5490105884297
Candidate_E,10050,406.1309748422851
Candidate_E,10051,378.48485163469826
Candidate_E,10052,747.4335406900516
Candidate_E,10053,396.4929752032108
Candidate_E,10054,834.6288112952808
Candidate_E,10055,791.4955511270668
Candidate_E,10056,703.8970236360474
Candidate_E,10057,426.39214633678813
Candidate_E,10058,480.4091983880901
Candidate_E,10059,519.5636378232446
Candidate_E,10060,624.9512733106423
Candidate_E,10061,722.7733042245775
Candidate_E,10062,822.785195837577
Candidate_E,10063,758.7273297891319
Candidate_E,10064,479.5691877984754
Candidate_E,10065,275.42025489572325
Candidate_E,10066,754.1450048328992
Candidate_E,10067,299.40675769924314
Candidate_E,10068,136.81712950708214
Candidate_E,10069,256.1916798624393
Candidate_E,10070,624.3221152431406
Candidate_E,10071,439.42108990613787
Candidate_E,10072,616.9730861817603
Candidate_E,10073,484.0871960320064
Candidate_E,10074,1049.2527154916422
Candidate_E,10075,631.9998874169767
Candidate_E,10076,589.6523083338351
Candidate_E,10077,134.3646949462272
Candidate_E,10078,842.5977468103167
Candidate_E,10079,568.9133433842044
Candidate_E,10080,746.1603905423462
Candidate_E,10081,1004.0234507642062
Candidate_E,10082,680.9808685604386
Candidate_E,10083,589.6641451028596
Candidate_E,10084,545.4705216763405
Candidate_E,10085,140.8574500394271
Candidate_E,10086,467.2341642296881
Candidate_E,10087,188.10567383324346
Candidate_E,10088,267.40290331072
Candidate_E,10089,933.4687928714474
Candidate_E,10090,395.5499630616958
Candidate_E,10091,514.3517734679396
Candidate_E,10092,609.8977521171084
Candidate_E,10093,890.9995447602272
Candidate_E,10094,728.09978527048
Candidate_E,10095,460.8626357459234
Candidate_E,10096,924.7024309181314
Candidate_E,10097,315.3842260605765
Candidate_E,10098,425.37516194364724
Candidate_E,10099,679.9994585459846
Candidate_E,10100,598.4502541012528
Candidate_E,10101,1106.335612819827
Candidate_E,10102,914.7555432479401
Candidate_E,10103,796.4531828855321
Candidate_E,10104,712.5032229711608
Candidate_E,10105,741.2773829380826
Candidate_E,10106,198.46859687004576
Candidate_E,10107,660.8036034383107
Candidate_E,10108,762.3867596140575
Candidate_E,10109,728.4679639579217
Candidate_E,10110,323.3827175869195
Candidate_E,10111,901.2615206207842
Candidate_E,10112,619.9160574591548
Candidate_E,10113,256.087896593702
Candidate_E,10114,792.470348798942
Candidate_E,10115,414.25752857537816
Candidate_E,10116,513.2563025568625
Candidate_E,10117,554.6896834819423
Candidate_E,10118,341.27461090076787
Candidate_E,10119,89.07346002634253
Candidate_E,10120,343.37152938939244
Candidate_E,10121,715.2512202036227
Candidate_E,10122,506.8244161723194
Candidate_E,10123,594.2689935054432
Candidate_E,10124,787.0052127984271
Candidate_E,10125,634.6057512461838
Candidate_E,10126,750.6631510037491
Candidate_E,10127,286.53892769583877
Candidate_E,10128,443.6197361548513
Candidate_E,10129,432.48490821250766
Candidate_E,10130,1069.4748446407657
Candidate_E,10131,797.3431328953114
Candidate_E,10132,234.80385962086083
Candidate_E,10133,517.4778074295132
Candidate_E,10134,1066.2886863530578
Candidate_E,10135,446.4991099025649
Candidate_E,10136,637.9682999719967
Candidate_E,10137,508.1024466415033
Candidate_E,10138,633.708901865613
Candidate_E,10139,762.4369572573522
Candidate_E,10140,588.745880833834
Candidate_E,10141,371.27036208831566
Candidate_E,10142,895.3183921360862
Candidate_E,10143,278.49658422939734
Candidate_E,10144,659.4251060446959
Candidate_E,10145,814.4631015635911
Candidate_E,10146,557.9986325973725
Candidate_E,10147,796.7665055036209
Candidate_E,10148,757.8916525930748
Candidate_E,10149,549.282923405242
Candidate_E,10150,1032.0998225263418
Candidate_E,10151,547.5933328620931
Candidate_E,10152,571.7704702725011
Candidate_E,10153,530.6596300317372
Candidate_E,10154,235.55500221163186
Candidate_E,10155,578.2346186739439
Candidate_E,10156,1098.3130704913126
Candidate_E,10157,857.1061492454364
Candidate_E,10158,560.7002762517302
Candidate_E,10159,492.069883975074
Candidate_E,10160,578.0691332330109
Candidate_E,10161,537.9165521745127
Candidate_E,10162,559.1365462262816
Candidate_E,10163,708.197850358453
Candidate_E,10164,477.6844399611533
Candidate_E,10165,163.0583997732394
Candidate_E,10166,317.79246648328086
Candidate_E,10167,691.4686494817928
Candidate_E,10168,492.22326336515965
Candidate_E,10169,251.5235508136211
Candidate_E,10170,544.3455597922025
Candidate_E,10171,451.9846838775733
Candidate_E,10172,493.49853227701533
Candidate_E,10173,338.06342702624664
Candidate_E,10174,909.2137208206248
Candidate_E,10175,318.55658298022223
Candidate_E,10176,752.8606701108249
Candidate_E,10177,525.4880369812408
Candidate_E,10178,289.17953201246286
Candidate_E,10179,679.4522398415362
Candidate_E,10180,889.8272057913404
Candidate_E,10181,536.4290645825132
Candidate_E,10182,549.5701064931832
Candidate_E,10183,234.53771451815163
Candidate_E,10184,890.4871956814743
Candidate_E,10185,452.0363926184319
Candidate_E,10186,669.7841861563867
Candidate_E,10187,696.0279152999955
Candidate_E,10188,424.8455575873182
Candidate_E,10189,945.0594761570934
Candidate_E,10190,688.3626713438207
Candidate_E,10191,474.2231369456346
Candidate_E,10192,526.474113957162
Candidate_E,10193,547.4272629598298
Candidate_E,10194,615.0097498358004
Candidate_E,10195,792.5135200439227
Candidate_E,10196,669.3105449747854
Candidate_E,10197,652.0663884476972
Candidate_E,10198,598.2650925014534
Candidate_E,10199,598.2309565252345
Candidate_E,10200,527.2821639471543
Candidate_E,10201,727.438553436058
Candidate_E,10202,656.2704259925268
Candidate_E,10203,1074.4849227521754
Candidate_E,10204,327.98549112478025
Candidate_E,10205,256.74005746939184
Candidate_E,10206,235.6186105106301
Candidate_E,10207,562.7513084352611
Candidate_E,10208,476.9037276532722
Candidate_E,10209,330.22042387379895
Candidate_E,10210,675.1761953074158
Candidate_E,10211,591.4522313793285
Candidate_E,10212,470.5083699698591
Candidate_E,10213,579.8673914790232
Candidate_E,10214,485.3190193056595
Candidate_E,10215,507.8371590951407
Candidate_E,10216,593.6673448254014
Candidate_E,10217,425.31917521629686
Candidate_E,10218,1010.1901312544827
Candidate_E,10219,632.9776050918005
Candidate_E,10220,832.9657695282057
Candidate_E,10221,603.4136949446403
Candidate_E,10222,476.6624199354807
Candidate_E,10223,951.8961758395999
Candidate_E,10224,318.8421626946257
Candidate_E,10225,413.59987205796403
Candidate_E,10226,280.3558175236193
Candidate_E,10227,469.5434960395824
Candidate_E,10228,592.1689424592271
Candidate_E,10229,383.5844828400625
Candidate_E,10230,855.0390467019606
Candidate_E,10231,397.29612705371676
Candidate_E,10232,245.78667915126235
Candidate_E,10233,186.58039363629712
Candidate_E,10234,676.0397164558163
Candidate_E,10235,981.4569492174666
Candidate_E,10236,134.5422562210038
Candidate_E,10237,1043.6776509493334
Candidate_E,10238,331.0086313999628
Candidate_E,10239,582.2728876528954
Candidate_E,10240,348.69592222310297
Candidate_E,10241,548.0859287361459
Candidate_E,10242,525.9243143072109
Candidate_E,10243,414.1598410286474
Candidate_E,10244,355.3739501988341
Candidate_E,10245,621.2212620193952
Candidate_E,10246,256.23490113691724
Candidate_E,10247,800.1609096842881
Candidate_E,10248,573.5788552567469
Candidate_E,10249,826.2924636778989
Candidate_E,10250,484.194541257504
Candidate_E,10251,561.4843169496439
Candidate_E,10252,682.5821323166696
Candidate_E,10253,362.3612638767299
Candidate_E,10254,800.7517799687392
Candidate_E,10255,741.1092779994303
Candidate_E,10256,800.2042507029446
Candidate_E,10257,459.63291405866266
Candidate_E,10258,568.1770285626313
Candidate_E,10259,456.65146725567274
Candidate_E,10260,371.45071853389027
Candidate_E,10261,112.66885779610638
Candidate_E,10262,485.7905206100706
Candidate_E,10263,389.52124495176196
Candidate_E,10264,376.0287613753276
Candidate_E,10265,640.3370034033101
Candidate_E,10266,410.92270982168606
Candidate_E,10267,500.96002808465505
Candidate_E,10268,771.0932837536463
Candidate_E,10269,672.8450597584305
Candidate_E,10270,641.9238997406462
Candidate_E,10271,497.96948262765187
Candidate_E,10272,484.23955599087566
Candidate_E,10273,608.4101874246812
Candidate_E,10274,583.6247183384262
Candidate_E,10275,367.86594253471134
Candidate_E,10276,558.6690660028389
Candidate_E,10277,903.2647489431297
Candidate_E,10278,778.5231178642699
Candidate_E,10279,376.428747216653
Candidate_E,10280,407.8379571971928
Candidate_E,10281,445.7848427749652
Candidate_E,10282,998.6411707962485
Candidate_E,10283,865.3707349782951
Candidate_E,10284,299.5685622393172
Candidate_E,10285,648.2519689096658
Candidate_E,10286,702.0142449042327
Candidate_E,10287,823.0838816300864
Candidate_E,10288,65.24471640802916
Candidate_E,10289,607.248777118639
Candidate_E,10290,871.1674760091754
Candidate_E,10291,356.4916365683964
Candidate_E,10292,553.0275508379306
Candidate_E,10293,64.00053234925603
Candidate_E,10294,548.4312770757232
Candidate_E,10295,966.389030648609
Candidate_E,10296,710.9250468746154
Candidate_E,10297,374.1869229343709
Candidate_E,10298,653.2523076914674
Candidate_E,10299,459.12622869953026
