bot,family,sample_id,day,total_pnl,total_fills,path_mode,block_steps,passive_fill_prob,passive_qty_scale,aggressive_slip_prob,aggressive_slip_ticks,ASH_COATED_OSMIUM_pnl,INTARIAN_PEPPER_ROOT_pnl,ASH_COATED_OSMIUM_position,INTARIAN_PEPPER_ROOT_position
TradervR1_lab_r10_06_p_carry_defense,original_noise,original_noise_001,-2,95770.0,827,original,0,0.986919,0.997326,0.010441,1,16096.0,79674.0,38,80
TradervR1_lab_r10_06_p_carry_defense,original_noise,original_noise_001,-1,95238.0,777,original,0,0.958841,0.994906,0.003523,1,15915.0,79323.0,20,80
TradervR1_lab_r10_06_p_carry_defense,original_noise,original_noise_001,0,96596.0,820,original,0,0.994257,0.987945,0.018962,1,17199.0,79397.0,-20,80
TradervR1_lab_r10_06_p_carry_defense,original_noise,original_noise_002,-2,95418.5,826,original,0,0.970611,0.984013,0.003598,1,15744.5,79674.0,39,80
TradervR1_lab_r10_06_p_carry_defense,original_noise,original_noise_002,-1,94602.0,777,original,0,0.942779,0.981812,0.029385,1,15279.0,79323.0,19,80
TradervR1_lab_r10_06_p_carry_defense,original_noise,original_noise_002,0,95767.0,809,original,0,0.961271,0.963755,0.024511,1,16370.0,79397.0,-20,80
TradervR1_lab_r10_06_p_carry_defense,bootstrap_path,bootstrap_path_001,-2,27189.0,824,bootstrap,211,1.0,1.0,0.0,1,17721.0,9468.0,8,80
TradervR1_lab_r10_06_p_carry_defense,bootstrap_path,bootstrap_path_001,-1,-24642.0,755,bootstrap,362,1.0,1.0,0.0,1,16046.0,-40688.0,-10,80
TradervR1_lab_r10_06_p_carry_defense,bootstrap_path,bootstrap_path_001,0,-6149.5,815,bootstrap,351,1.0,1.0,0.0,1,20107.5,-26257.0,-33,80
TradervR1_lab_r10_06_p_carry_defense,bootstrap_path,bootstrap_path_002,-2,49932.0,822,bootstrap,218,1.0,1.0,0.0,1,17228.0,32704.0,10,80
TradervR1_lab_r10_06_p_carry_defense,bootstrap_path,bootstrap_path_002,-1,21094.0,881,bootstrap,433,1.0,1.0,0.0,1,16674.0,4420.0,6,80
TradervR1_lab_r10_06_p_carry_defense,bootstrap_path,bootstrap_path_002,0,10728.0,853,bootstrap,361,1.0,1.0,0.0,1,17673.0,-6945.0,18,80
TradervR1_lab_r10_06_p_carry_defense,bootstrap_balanced,bootstrap_balanced_001,-2,-38459.0,823,bootstrap,338,0.893926,0.963663,0.058819,1,15663.0,-54122.0,-3,80
TradervR1_lab_r10_06_p_carry_defense,bootstrap_balanced,bootstrap_balanced_001,-1,45696.0,863,bootstrap,289,0.930775,0.944545,0.014145,1,14789.0,30907.0,3,80
TradervR1_lab_r10_06_p_carry_defense,bootstrap_balanced,bootstrap_balanced_001,0,-36936.0,809,bootstrap,340,0.942235,0.949862,0.042385,1,17039.0,-53975.0,-5,80
TradervR1_lab_r10_06_p_carry_defense,bootstrap_balanced,bootstrap_balanced_002,-2,-17104.5,737,bootstrap,348,0.892647,0.872683,0.036334,1,13559.5,-30664.0,-13,80
TradervR1_lab_r10_06_p_carry_defense,bootstrap_balanced,bootstrap_balanced_002,-1,9904.0,772,bootstrap,405,0.882646,0.956627,0.01607,1,14886.0,-4982.0,0,80
TradervR1_lab_r10_06_p_carry_defense,bootstrap_balanced,bootstrap_balanced_002,0,134233.0,918,bootstrap,380,0.958946,0.919056,0.078959,1,18383.0,115850.0,-45,80
TradervR1_34_1,original_noise,original_noise_001,-2,95398.0,730,original,0,0.986919,0.997326,0.010441,1,15714.0,79684.0,42,80
TradervR1_34_1,original_noise,original_noise_001,-1,94961.0,687,original,0,0.958841,0.994906,0.003523,1,15638.0,79323.0,15,80
TradervR1_34_1,original_noise,original_noise_001,0,95850.0,714,original,0,0.994257,0.987945,0.018962,1,16453.0,79397.0,-21,80
TradervR1_34_1,original_noise,original_noise_002,-2,95065.0,728,original,0,0.970611,0.984013,0.003598,1,15381.0,79684.0,38,80
TradervR1_34_1,original_noise,original_noise_002,-1,94442.0,677,original,0,0.942779,0.981812,0.029385,1,15119.0,79323.0,14,80
TradervR1_34_1,original_noise,original_noise_002,0,95203.0,709,original,0,0.961271,0.963755,0.024511,1,15806.0,79397.0,-13,80
TradervR1_34_1,bootstrap_path,bootstrap_path_001,-2,26756.0,730,bootstrap,211,1.0,1.0,0.0,1,17288.0,9468.0,12,80
TradervR1_34_1,bootstrap_path,bootstrap_path_001,-1,-24851.0,663,bootstrap,362,1.0,1.0,0.0,1,15837.0,-40688.0,-11,80
TradervR1_34_1,bootstrap_path,bootstrap_path_001,0,-7084.0,717,bootstrap,351,1.0,1.0,0.0,1,19173.0,-26257.0,-24,80
TradervR1_34_1,bootstrap_path,bootstrap_path_002,-2,49274.0,714,bootstrap,218,1.0,1.0,0.0,1,16570.0,32704.0,8,80
TradervR1_34_1,bootstrap_path,bootstrap_path_002,-1,21028.0,784,bootstrap,433,1.0,1.0,0.0,1,16578.0,4450.0,10,80
TradervR1_34_1,bootstrap_path,bootstrap_path_002,0,10340.0,727,bootstrap,361,1.0,1.0,0.0,1,17285.0,-6945.0,18,80
TradervR1_34_1,bootstrap_balanced,bootstrap_balanced_001,-2,-38694.0,740,bootstrap,338,0.893926,0.963663,0.058819,1,15426.0,-54120.0,-6,80
TradervR1_34_1,bootstrap_balanced,bootstrap_balanced_001,-1,51730.0,751,bootstrap,289,0.930775,0.944545,0.014145,1,14692.0,37038.0,4,80
TradervR1_34_1,bootstrap_balanced,bootstrap_balanced_001,0,-37594.0,706,bootstrap,340,0.942235,0.949862,0.042385,1,16404.0,-53998.0,-8,80
TradervR1_34_1,bootstrap_balanced,bootstrap_balanced_002,-2,-16500.5,662,bootstrap,348,0.892647,0.872683,0.036334,1,14163.5,-30664.0,-13,80
TradervR1_34_1,bootstrap_balanced,bootstrap_balanced_002,-1,9404.0,657,bootstrap,405,0.882646,0.956627,0.01607,1,14386.0,-4982.0,-12,80
TradervR1_34_1,bootstrap_balanced,bootstrap_balanced_002,0,139181.0,795,bootstrap,380,0.958946,0.919056,0.078959,1,17437.0,121744.0,-42,80
