product,mark,side,events,qty,avg_qty,edge_vs_mid,side_midchg_100,trade_markout_100,follow_cross_to_mid_100,hit_side_midchg_100,side_midchg_500,trade_markout_500,follow_cross_to_mid_500,hit_side_midchg_500,side_midchg_1000,trade_markout_1000,follow_cross_to_mid_1000,hit_side_midchg_1000,side_midchg_2000,trade_markout_2000,follow_cross_to_mid_2000,hit_side_midchg_2000,side_midchg_5000,trade_markout_5000,follow_cross_to_mid_5000,hit_side_midchg_5000,side_midchg_10000,trade_markout_10000,follow_cross_to_mid_10000,hit_side_midchg_10000
HYDROGEL_PACK,Mark 14,BUY,496,1989,4.01008064516129,7.980846774193548,0.19153225806451613,8.172379032258064,-7.793346774193548,0.4596774193548387,0.0715725806451613,8.05241935483871,-7.913306451612903,0.46774193548387094,0.2318548387096774,8.212701612903226,-7.753024193548387,0.4778225806451613,0.23387096774193547,8.214717741935484,-7.751008064516129,0.5040322580645161,0.6141414141414141,8.594949494949494,-7.376767676767677,0.5141129032258065,0.8927125506072875,8.873481781376519,-7.09412955465587,0.4899193548387097
HYDROGEL_PACK,Mark 14,SELL,507,2033,4.009861932938856,7.940828402366864,0.11538461538461539,8.05621301775148,-7.82741617357002,0.4319526627218935,0.17159763313609466,8.112426035502958,-7.77120315581854,0.4457593688362919,0.11143984220907298,8.052268244575936,-7.831360946745562,0.48717948717948717,0.3530571992110454,8.293885601577909,-7.589743589743589,0.47337278106508873,1.1370808678500985,9.077909270216962,-6.8057199211045365,0.504930966469428,0.49504950495049505,8.435643564356436,-7.447524752475248,0.48717948717948717
HYDROGEL_PACK,Mark 22,BUY,11,42,3.8181818181818183,4.090909090909091,-3.090909090909091,1.0,-8.0,0.09090909090909091,-2.6818181818181817,1.4090909090909092,-7.590909090909091,0.2727272727272727,-5.0,-0.9090909090909091,-9.909090909090908,0.18181818181818182,-5.863636363636363,-1.7727272727272727,-10.772727272727273,0.2727272727272727,-12.454545454545455,-8.363636363636363,-17.363636363636363,0.18181818181818182,-13.090909090909092,-9.0,-18.0,0.18181818181818182
HYDROGEL_PACK,Mark 38,BUY,515,2065,4.009708737864078,-7.8728155339805825,-0.06407766990291262,-7.936893203883495,-7.830097087378641,0.39611650485436894,-0.11941747572815534,-7.9922330097087375,-7.885436893203884,0.458252427184466,-0.05631067961165048,-7.929126213592233,-7.822330097087379,0.4524271844660194,-0.3271844660194175,-8.2,-8.093203883495146,0.49514563106796117,-1.1174757281553398,-8.990291262135923,-8.883495145631068,0.46990291262135925,-0.548828125,-8.4296875,-8.302734375,0.48349514563106794
HYDROGEL_PACK,Mark 38,SELL,507,2031,4.005917159763314,-7.896449704142012,-0.1203155818540434,-8.016765285996055,-7.797830374753452,0.3609467455621302,-0.011834319526627219,-7.908284023668639,-7.689349112426036,0.4635108481262327,-0.11834319526627218,-8.014792899408285,-7.795857988165681,0.48717948717948717,-0.10157790927021697,-7.998027613412229,-7.779092702169625,0.4556213017751479,-0.3300395256916996,-8.226284584980236,-8.00098814229249,0.45956607495069035,-0.5881188118811881,-8.484158415841584,-8.262376237623762,0.4970414201183432
VELVETFRUIT_EXTRACT,Mark 01,BUY,260,1417,5.45,2.601923076923077,0.2326923076923077,2.8346153846153848,-2.5,0.46923076923076923,0.2903846153846154,2.8923076923076922,-2.4423076923076925,0.5,0.23461538461538461,2.8365384615384617,-2.498076923076923,0.47307692307692306,0.0057692307692307696,2.6076923076923078,-2.726923076923077,0.45384615384615384,-0.1346153846153846,2.4673076923076924,-2.8673076923076923,0.46153846153846156,-0.6346153846153846,1.9673076923076922,-3.3673076923076923,0.4653846153846154
VELVETFRUIT_EXTRACT,Mark 01,SELL,244,1375,5.635245901639344,2.6864754098360657,0.21106557377049182,2.8975409836065573,-2.5204918032786887,0.46311475409836067,0.0020491803278688526,2.6885245901639343,-2.7295081967213113,0.47950819672131145,0.3135245901639344,3.0,-2.418032786885246,0.5122950819672131,-0.006147540983606557,2.680327868852459,-2.737704918032787,0.48360655737704916,0.375,3.0614754098360657,-2.3565573770491803,0.5040983606557377,0.17418032786885246,2.860655737704918,-2.557377049180328,0.5163934426229508
VELVETFRUIT_EXTRACT,Mark 14,BUY,316,1761,5.572784810126582,2.430379746835443,-0.18670886075949367,2.2436708860759493,-2.4841772151898733,0.28164556962025317,-0.03322784810126582,2.3971518987341773,-2.3306962025316458,0.41455696202531644,-0.254746835443038,2.175632911392405,-2.5522151898734178,0.39556962025316456,-0.23734177215189872,2.1930379746835444,-2.5348101265822787,0.4177215189873418,-0.5303514376996805,1.8993610223642172,-2.8226837060702876,0.4272151898734177,-1.2620578778135048,1.167202572347267,-3.5562700964630225,0.4050632911392405
VELVETFRUIT_EXTRACT,Mark 14,SELL,331,1763,5.326283987915408,2.4622356495468276,-0.07250755287009064,2.389728096676737,-2.5317220543806647,0.3293051359516616,-0.26132930513595165,2.200906344410876,-2.7205438066465257,0.36253776435045315,-0.16767371601208458,2.294561933534743,-2.6268882175226587,0.4078549848942598,-0.5755287009063444,1.8867069486404835,-3.0347432024169185,0.39274924471299094,-0.8206686930091185,1.641337386018237,-3.2735562310030395,0.44108761329305135,-1.0975609756097562,1.3643292682926829,-3.5472560975609757,0.44410876132930516
VELVETFRUIT_EXTRACT,Mark 22,BUY,25,146,5.84,0.88,-0.34,0.54,-2.46,0.28,-0.4,0.48,-2.52,0.4,0.5,1.38,-1.62,0.52,1.14,2.02,-0.98,0.6,0.16,1.04,-1.96,0.52,2.2,3.08,0.08,0.52
VELVETFRUIT_EXTRACT,Mark 22,SELL,101,697,6.900990099009901,0.7079207920792079,-1.504950495049505,-0.7970297029702971,-2.51980198019802,0.1188118811881188,-1.5445544554455446,-0.8366336633663366,-2.5594059405940595,0.1782178217821782,-1.5594059405940595,-0.8514851485148515,-2.5742574257425743,0.27722772277227725,-1.4653465346534653,-0.7574257425742574,-2.48019801980198,0.33663366336633666,-1.8712871287128714,-1.1633663366336633,-2.886138613861386,0.37623762376237624,-0.385,0.35,-1.36,0.5148514851485149
VELVETFRUIT_EXTRACT,Mark 49,BUY,17,115,6.764705882352941,1.5,-1.2647058823529411,0.23529411764705882,-2.411764705882353,0.11764705882352941,-1.8235294117647058,-0.3235294117647059,-2.9705882352941178,0.17647058823529413,-1.9705882352941178,-0.47058823529411764,-3.1176470588235294,0.35294117647058826,-2.2941176470588234,-0.7941176470588235,-3.4411764705882355,0.47058823529411764,-0.5588235294117647,0.9411764705882353,-1.7058823529411764,0.35294117647058826,-3.8125,-2.34375,-5.03125,0.17647058823529413
VELVETFRUIT_EXTRACT,Mark 49,SELL,105,1071,10.2,0.6714285714285714,-1.9,-1.2285714285714286,-2.580952380952381,0.01904761904761905,-1.819047619047619,-1.1476190476190475,-2.5,0.13333333333333333,-2.142857142857143,-1.4714285714285715,-2.823809523809524,0.1523809523809524,-1.7952380952380953,-1.1238095238095238,-2.4761904761904763,0.2571428571428571,-1.9857142857142858,-1.3142857142857143,-2.6666666666666665,0.3904761904761905,-1.7836538461538463,-1.1105769230769231,-2.4471153846153846,0.41904761904761906
VELVETFRUIT_EXTRACT,Mark 55,BUY,598,3254,5.441471571906354,-2.4949832775919734,0.010033444816053512,-2.4849498327759196,-2.5250836120401337,0.38461538461538464,0.19899665551839466,-2.2959866220735785,-2.3361204013377925,0.46488294314381273,0.01254180602006689,-2.4824414715719065,-2.5225752508361206,0.45819397993311034,0.4088628762541806,-2.0861204013377925,-2.1262541806020065,0.5100334448160535,0.38674496644295303,-2.1082214765100673,-2.1518456375838926,0.5033444816053512,0.5310924369747899,-1.9638655462184873,-2.0092436974789916,0.49665551839464883
VELVETFRUIT_EXTRACT,Mark 55,SELL,600,3297,5.495,-2.4683333333333333,0.035833333333333335,-2.4325,-2.4908333333333332,0.3883333333333333,-0.051666666666666666,-2.52,-2.578333333333333,0.41833333333333333,0.04083333333333333,-2.4275,-2.4858333333333333,0.49166666666666664,0.10583333333333333,-2.3625,-2.4208333333333334,0.48833333333333334,0.3944723618090452,-2.073701842546064,-2.134003350083752,0.5233333333333333,0.9184873949579831,-1.5495798319327732,-1.611764705882353,0.5383333333333333
VELVETFRUIT_EXTRACT,Mark 67,BUY,165,1510,9.151515151515152,-0.796969696969697,1.9696969696969697,1.1727272727272726,-2.5787878787878786,0.9575757575757575,1.9454545454545455,1.1484848484848484,-2.603030303030303,0.8303030303030303,2.242424242424242,1.4454545454545455,-2.306060606060606,0.7575757575757576,1.8454545454545455,1.0484848484848486,-2.703030303030303,0.6484848484848484,1.9181818181818182,1.121212121212121,-2.6303030303030304,0.5878787878787879,1.478658536585366,0.6798780487804879,-3.082317073170732,0.5393939393939394
VEV_4000,Mark 14,BUY,232,458,1.9741379310344827,10.46551724137931,-0.036637931034482756,10.428879310344827,-10.372844827586206,0.3620689655172414,-0.16379310344827586,10.301724137931034,-10.5,0.4267241379310345,0.07112068965517242,10.536637931034482,-10.265086206896552,0.44396551724137934,-0.1788793103448276,10.286637931034482,-10.515086206896552,0.44396551724137934,-0.09090909090909091,10.374458874458874,-10.430735930735931,0.4827586206896552,-0.10606060606060606,10.35930735930736,-10.445887445887445,0.4482758620689655
VEV_4000,Mark 14,SELL,207,412,1.9903381642512077,10.3743961352657,0.03140096618357488,10.405797101449275,-10.420289855072463,0.34782608695652173,-0.13043478260869565,10.243961352657005,-10.582125603864734,0.3671497584541063,-0.24879227053140096,10.1256038647343,-10.70048309178744,0.3961352657004831,-0.2146341463414634,10.15609756097561,-10.658536585365853,0.3961352657004831,0.0975609756097561,10.46829268292683,-10.346341463414634,0.4782608695652174,0.4064039408866995,10.775862068965518,-10.036945812807883,0.46859903381642515
VEV_4000,Mark 38,BUY,209,415,1.985645933014354,-10.322966507177034,0.04066985645933014,-10.282296650717702,-10.397129186602871,0.37320574162679426,0.17464114832535885,-10.148325358851675,-10.263157894736842,0.4784688995215311,0.2751196172248804,-10.047846889952153,-10.16267942583732,0.45933014354066987,0.2608695652173913,-10.057971014492754,-10.173913043478262,0.48325358851674644,-0.06038647342995169,-10.379227053140097,-10.495169082125605,0.4784688995215311,-0.25121951219512195,-10.56829268292683,-10.685365853658537,0.4784688995215311
VEV_4000,Mark 38,SELL,233,461,1.9785407725321889,-10.444206008583691,0.06223175965665236,-10.381974248927039,-10.373390557939913,0.40772532188841204,0.16952789699570817,-10.274678111587983,-10.266094420600858,0.4721030042918455,-0.06652360515021459,-10.510729613733906,-10.50214592274678,0.48497854077253216,0.17381974248927037,-10.270386266094421,-10.261802575107296,0.49356223175965663,0.05603448275862069,-10.387931034482758,-10.375,0.49356223175965663,0.05387931034482758,-10.390086206896552,-10.377155172413794,0.5150214592274678
VEV_5200,Mark 01,BUY,11,34,3.090909090909091,1.0,0.0,1.0,-1.1818181818181819,0.18181818181818182,-0.18181818181818182,0.8181818181818182,-1.3636363636363635,0.2727272727272727,0.9545454545454546,1.9545454545454546,-0.22727272727272727,0.6363636363636364,0.8636363636363636,1.8636363636363635,-0.3181818181818182,0.6363636363636364,2.727272727272727,3.727272727272727,1.5454545454545454,0.7272727272727273,2.772727272727273,3.772727272727273,1.5909090909090908,0.7272727272727273
VEV_5200,Mark 14,BUY,33,122,3.696969696969697,1.0,0.12121212121212122,1.121212121212121,-1.303030303030303,0.42424242424242425,-0.24242424242424243,0.7575757575757576,-1.6666666666666667,0.3333333333333333,-0.13636363636363635,0.8636363636363636,-1.5606060606060606,0.3939393939393939,0.015151515151515152,1.0151515151515151,-1.4090909090909092,0.42424242424242425,0.19696969696969696,1.196969696969697,-1.2272727272727273,0.48484848484848486,-0.09090909090909091,0.9090909090909091,-1.5151515151515151,0.5151515151515151
VEV_5200,Mark 22,SELL,46,159,3.4565217391304346,-0.9347826086956522,-0.10869565217391304,-1.0434782608695652,-1.2608695652173914,0.2826086956521739,0.20652173913043478,-0.7282608695652174,-0.9456521739130435,0.5217391304347826,-0.08695652173913043,-1.0217391304347827,-1.2391304347826086,0.5,-0.22826086956521738,-1.1630434782608696,-1.3804347826086956,0.5,-0.7717391304347826,-1.7065217391304348,-1.923913043478261,0.45652173913043476,-0.8804347826086957,-1.815217391304348,-2.032608695652174,0.41304347826086957
VEV_5300,Mark 01,BUY,132,439,3.3257575757575757,0.9090909090909091,-0.11742424242424243,0.7916666666666666,-0.9431818181818182,0.10606060606060606,-0.14772727272727273,0.7613636363636364,-0.9734848484848485,0.25,-0.14772727272727273,0.7613636363636364,-0.9734848484848485,0.32575757575757575,-0.12121212121212122,0.7878787878787878,-0.946969696969697,0.3939393939393939,0.030303030303030304,0.9393939393939394,-0.7954545454545454,0.4621212121212121,0.026717557251908396,0.9351145038167938,-0.7900763358778626,0.48484848484848486
VEV_5300,Mark 14,BUY,30,105,3.5,0.75,-0.25,0.5,-1.0,0.16666666666666666,-0.4166666666666667,0.3333333333333333,-1.1666666666666667,0.2,-0.15,0.6,-0.9,0.3333333333333333,-0.21666666666666667,0.5333333333333333,-0.9666666666666667,0.3333333333333333,0.4166666666666667,1.1666666666666667,-0.3333333333333333,0.5333333333333333,0.65,1.4,-0.1,0.5333333333333333
VEV_5300,Mark 22,SELL,163,545,3.3435582822085887,-0.8711656441717791,0.13496932515337423,-0.7361963190184049,-0.950920245398773,0.3067484662576687,0.19325153374233128,-0.6779141104294478,-0.8926380368098159,0.38650306748466257,0.1441717791411043,-0.7269938650306749,-0.941717791411043,0.4171779141104294,0.12269938650306748,-0.7484662576687117,-0.9631901840490797,0.48466257668711654,-0.10429447852760736,-0.9754601226993865,-1.1901840490797546,0.4049079754601227,-0.19135802469135801,-1.0617283950617284,-1.2777777777777777,0.4171779141104294
VEV_5400,Mark 01,BUY,263,911,3.463878326996198,0.5950570342205324,-0.030418250950570342,0.564638783269962,-0.629277566539924,0.07604562737642585,-0.013307984790874524,0.5817490494296578,-0.6121673003802282,0.17110266159695817,-0.005703422053231939,0.5893536121673004,-0.6045627376425855,0.22813688212927757,0.039923954372623575,0.6349809885931559,-0.55893536121673,0.30798479087452474,0.1297709923664122,0.7251908396946565,-0.46946564885496184,0.4296577946768061,0.0038461538461538464,0.5980769230769231,-0.5942307692307692,0.41064638783269963
VEV_5400,Mark 14,BUY,13,48,3.6923076923076925,0.46153846153846156,-0.3076923076923077,0.15384615384615385,-0.8461538461538461,0.0,-0.38461538461538464,0.07692307692307693,-0.9230769230769231,0.0,-0.5,-0.038461538461538464,-1.0384615384615385,0.0,-0.34615384615384615,0.11538461538461539,-0.8846153846153846,0.3076923076923077,-0.7692307692307693,-0.3076923076923077,-1.3076923076923077,0.38461538461538464,-0.8846153846153846,-0.4230769230769231,-1.4230769230769231,0.46153846153846156
VEV_5400,Mark 22,SELL,276,959,3.4746376811594204,-0.5887681159420289,0.043478260869565216,-0.5452898550724637,-0.6394927536231884,0.15217391304347827,0.030797101449275364,-0.5579710144927537,-0.6521739130434783,0.21739130434782608,0.028985507246376812,-0.5597826086956522,-0.6539855072463768,0.2608695652173913,-0.021739130434782608,-0.6105072463768116,-0.7047101449275363,0.32608695652173914,-0.08727272727272728,-0.6763636363636364,-0.7709090909090909,0.3333333333333333,0.038461538461538464,-0.5494505494505495,-0.6446886446886447,0.40942028985507245
VEV_5500,Mark 01,BUY,299,1042,3.4849498327759196,0.5267558528428093,-0.015050167224080268,0.5117056856187291,-0.5317725752508361,0.016722408026755852,-0.020066889632107024,0.5066889632107023,-0.5367892976588629,0.056856187290969896,-0.016722408026755852,0.5100334448160535,-0.5334448160535117,0.07357859531772576,0.02508361204013378,0.5518394648829431,-0.4916387959866221,0.14381270903010032,0.030201342281879196,0.5570469798657718,-0.4865771812080537,0.2140468227424749,-0.02356902356902357,0.5033670033670034,-0.5404040404040404,0.23745819397993312
VEV_5500,Mark 22,SELL,306,1069,3.4934640522875817,-0.5261437908496732,0.0196078431372549,-0.5065359477124183,-0.5359477124183006,0.05555555555555555,0.026143790849673203,-0.5,-0.5294117647058824,0.09477124183006536,0.0196078431372549,-0.5065359477124183,-0.5359477124183006,0.09477124183006536,-0.014705882352941176,-0.5408496732026143,-0.5702614379084967,0.12745098039215685,-0.019672131147540985,-0.5459016393442623,-0.5754098360655737,0.17320261437908496,0.03618421052631579,-0.4901315789473684,-0.5197368421052632,0.24509803921568626
VEV_6000,Mark 01,BUY,317,1105,3.4858044164037856,0.5,0.0,0.5,-0.5,0.0,0.0,0.5,-0.5,0.0,0.0,0.5,-0.5,0.0,0.0,0.5,-0.5,0.0,0.0,0.5,-0.5,0.0,0.0,0.5,-0.5,0.0
VEV_6000,Mark 22,SELL,317,1105,3.4858044164037856,-0.5,0.0,-0.5,-0.5,0.0,0.0,-0.5,-0.5,0.0,0.0,-0.5,-0.5,0.0,0.0,-0.5,-0.5,0.0,0.0,-0.5,-0.5,0.0,0.0,-0.5,-0.5,0.0
VEV_6500,Mark 01,BUY,317,1105,3.4858044164037856,0.5,0.0,0.5,-0.5,0.0,0.0,0.5,-0.5,0.0,0.0,0.5,-0.5,0.0,0.0,0.5,-0.5,0.0,0.0,0.5,-0.5,0.0,0.0,0.5,-0.5,0.0
VEV_6500,Mark 22,SELL,317,1105,3.4858044164037856,-0.5,0.0,-0.5,-0.5,0.0,0.0,-0.5,-0.5,0.0,0.0,-0.5,-0.5,0.0,0.0,-0.5,-0.5,0.0,0.0,-0.5,-0.5,0.0,0.0,-0.5,-0.5,0.0
