timestamp;buyer;seller;symbol;currency;price;quantity
0;SUBMISSION;;INTARIAN_PEPPER_ROOT;SEASHELLS;12006;10
100;SUBMISSION;;INTARIAN_PEPPER_ROOT;SEASHELLS;12007;9
200;SUBMISSION;;INTARIAN_PEPPER_ROOT;SEASHELLS;12007;11
600;SUBMISSION;;INTARIAN_PEPPER_ROOT;SEASHELLS;12007;9
1000;SUBMISSION;;INTARIAN_PEPPER_ROOT;SEASHELLS;12007;11
1800;SUBMISSION;;INTARIAN_PEPPER_ROOT;SEASHELLS;12008;10
2600;SUBMISSION;;INTARIAN_PEPPER_ROOT;SEASHELLS;12009;9
3400;SUBMISSION;;INTARIAN_PEPPER_ROOT;SEASHELLS;12010;9
3600;;SUBMISSION;ASH_COATED_OSMIUM;SEASHELLS;10003;5
3800;SUBMISSION;;INTARIAN_PEPPER_ROOT;SEASHELLS;12006;2
6300;;SUBMISSION;ASH_COATED_OSMIUM;SEASHELLS;10008;5
7000;;SUBMISSION;ASH_COATED_OSMIUM;SEASHELLS;10007;4
7100;;SUBMISSION;ASH_COATED_OSMIUM;SEASHELLS;10007;3
7800;SUBMISSION;;ASH_COATED_OSMIUM;SEASHELLS;9998;6
8000;;SUBMISSION;ASH_COATED_OSMIUM;SEASHELLS;10002;6
8600;;SUBMISSION;ASH_COATED_OSMIUM;SEASHELLS;10007;5
9300;SUBMISSION;;ASH_COATED_OSMIUM;SEASHELLS;9993;7
9700;;SUBMISSION;ASH_COATED_OSMIUM;SEASHELLS;10008;5
12500;;SUBMISSION;ASH_COATED_OSMIUM;SEASHELLS;10012;10
13000;;SUBMISSION;ASH_COATED_OSMIUM;SEASHELLS;10004;6
17500;SUBMISSION;;ASH_COATED_OSMIUM;SEASHELLS;9999;7
17700;;SUBMISSION;ASH_COATED_OSMIUM;SEASHELLS;10008;5
18200;SUBMISSION;;ASH_COATED_OSMIUM;SEASHELLS;9999;9
21400;SUBMISSION;;ASH_COATED_OSMIUM;SEASHELLS;9998;9
21600;SUBMISSION;;ASH_COATED_OSMIUM;SEASHELLS;9998;6
22000;SUBMISSION;;ASH_COATED_OSMIUM;SEASHELLS;9994;5
23200;SUBMISSION;;ASH_COATED_OSMIUM;SEASHELLS;9994;6
23500;;SUBMISSION;ASH_COATED_OSMIUM;SEASHELLS;9998;2
23600;SUBMISSION;;ASH_COATED_OSMIUM;SEASHELLS;10002;2
23600;SUBMISSION;;ASH_COATED_OSMIUM;SEASHELLS;9991;6
24000;;SUBMISSION;ASH_COATED_OSMIUM;SEASHELLS;9998;3
24100;SUBMISSION;;ASH_COATED_OSMIUM;SEASHELLS;9998;5
24600;;SUBMISSION;ASH_COATED_OSMIUM;SEASHELLS;10007;5
26300;;SUBMISSION;ASH_COATED_OSMIUM;SEASHELLS;9999;5
26900;;SUBMISSION;ASH_COATED_OSMIUM;SEASHELLS;10003;6
29200;SUBMISSION;;ASH_COATED_OSMIUM;SEASHELLS;10002;2
30100;;SUBMISSION;ASH_COATED_OSMIUM;SEASHELLS;10008;5
31200;SUBMISSION;;ASH_COATED_OSMIUM;SEASHELLS;9998;6
31500;SUBMISSION;;ASH_COATED_OSMIUM;SEASHELLS;9994;10
32800;;SUBMISSION;ASH_COATED_OSMIUM;SEASHELLS;10002;6
33800;;SUBMISSION;ASH_COATED_OSMIUM;SEASHELLS;10009;4
35100;SUBMISSION;;ASH_COATED_OSMIUM;SEASHELLS;9994;7
37300;;SUBMISSION;ASH_COATED_OSMIUM;SEASHELLS;10007;7
37900;SUBMISSION;;ASH_COATED_OSMIUM;SEASHELLS;9998;6
38800;;SUBMISSION;ASH_COATED_OSMIUM;SEASHELLS;10002;4
40500;;SUBMISSION;ASH_COATED_OSMIUM;SEASHELLS;10008;8
41100;SUBMISSION;;ASH_COATED_OSMIUM;SEASHELLS;10002;2
41100;SUBMISSION;;ASH_COATED_OSMIUM;SEASHELLS;9994;6
41500;SUBMISSION;;ASH_COATED_OSMIUM;SEASHELLS;10002;2
41900;SUBMISSION;;ASH_COATED_OSMIUM;SEASHELLS;9994;6
43200;;SUBMISSION;ASH_COATED_OSMIUM;SEASHELLS;10003;6
46300;SUBMISSION;;ASH_COATED_OSMIUM;SEASHELLS;9993;4
50900;SUBMISSION;;ASH_COATED_OSMIUM;SEASHELLS;9996;6
51000;SUBMISSION;;ASH_COATED_OSMIUM;SEASHELLS;9995;4
52500;;SUBMISSION;ASH_COATED_OSMIUM;SEASHELLS;10005;5
53400;SUBMISSION;;ASH_COATED_OSMIUM;SEASHELLS;9999;4
53700;;SUBMISSION;ASH_COATED_OSMIUM;SEASHELLS;9999;6
56500;SUBMISSION;;ASH_COATED_OSMIUM;SEASHELLS;9986;2
61000;SUBMISSION;;ASH_COATED_OSMIUM;SEASHELLS;9997;2
61800;;SUBMISSION;ASH_COATED_OSMIUM;SEASHELLS;10004;5
62200;SUBMISSION;;ASH_COATED_OSMIUM;SEASHELLS;9999;5
62300;;SUBMISSION;ASH_COATED_OSMIUM;SEASHELLS;10004;2
62800;;SUBMISSION;ASH_COATED_OSMIUM;SEASHELLS;10004;9
63300;SUBMISSION;;ASH_COATED_OSMIUM;SEASHELLS;9998;5
64200;SUBMISSION;;ASH_COATED_OSMIUM;SEASHELLS;9998;4
65300;SUBMISSION;;ASH_COATED_OSMIUM;SEASHELLS;9997;2
67300;SUBMISSION;;ASH_COATED_OSMIUM;SEASHELLS;9994;4
68000;;SUBMISSION;ASH_COATED_OSMIUM;SEASHELLS;10004;5
70300;SUBMISSION;;ASH_COATED_OSMIUM;SEASHELLS;9995;4
70700;SUBMISSION;;ASH_COATED_OSMIUM;SEASHELLS;9995;6
71300;SUBMISSION;;ASH_COATED_OSMIUM;SEASHELLS;9990;10
74000;;SUBMISSION;ASH_COATED_OSMIUM;SEASHELLS;9999;4
76200;;SUBMISSION;ASH_COATED_OSMIUM;SEASHELLS;9999;3
78400;;SUBMISSION;ASH_COATED_OSMIUM;SEASHELLS;9999;2
79400;;SUBMISSION;ASH_COATED_OSMIUM;SEASHELLS;10012;4
79600;;SUBMISSION;ASH_COATED_OSMIUM;SEASHELLS;10009;5
80200;;SUBMISSION;ASH_COATED_OSMIUM;SEASHELLS;9999;5
80700;;SUBMISSION;ASH_COATED_OSMIUM;SEASHELLS;10000;5
81400;;SUBMISSION;ASH_COATED_OSMIUM;SEASHELLS;10007;2
85200;SUBMISSION;;ASH_COATED_OSMIUM;SEASHELLS;9998;5
85400;SUBMISSION;;ASH_COATED_OSMIUM;SEASHELLS;9998;4
86800;SUBMISSION;;ASH_COATED_OSMIUM;SEASHELLS;9996;5
86800;SUBMISSION;;ASH_COATED_OSMIUM;SEASHELLS;9992;10
89000;;SUBMISSION;ASH_COATED_OSMIUM;SEASHELLS;10011;4
89200;;SUBMISSION;ASH_COATED_OSMIUM;SEASHELLS;9999;2
92000;;SUBMISSION;ASH_COATED_OSMIUM;SEASHELLS;10000;3
96500;;SUBMISSION;ASH_COATED_OSMIUM;SEASHELLS;9997;3
97200;;SUBMISSION;ASH_COATED_OSMIUM;SEASHELLS;9997;2
97500;SUBMISSION;;ASH_COATED_OSMIUM;SEASHELLS;9991;6
97600;;SUBMISSION;ASH_COATED_OSMIUM;SEASHELLS;10007;6
101100;;SUBMISSION;ASH_COATED_OSMIUM;SEASHELLS;10002;3
102000;;SUBMISSION;ASH_COATED_OSMIUM;SEASHELLS;10005;7
102700;;SUBMISSION;ASH_COATED_OSMIUM;SEASHELLS;10000;3
105500;;SUBMISSION;ASH_COATED_OSMIUM;SEASHELLS;10000;3
111300;SUBMISSION;;ASH_COATED_OSMIUM;SEASHELLS;9996;3
112200;;SUBMISSION;ASH_COATED_OSMIUM;SEASHELLS;10009;2
113900;;SUBMISSION;ASH_COATED_OSMIUM;SEASHELLS;10004;5
116600;SUBMISSION;;ASH_COATED_OSMIUM;SEASHELLS;9997;8
116900;;SUBMISSION;ASH_COATED_OSMIUM;SEASHELLS;10001;3
120800;;SUBMISSION;ASH_COATED_OSMIUM;SEASHELLS;10002;5
123200;SUBMISSION;;ASH_COATED_OSMIUM;SEASHELLS;10000;6
128900;;SUBMISSION;ASH_COATED_OSMIUM;SEASHELLS;9999;3
129000;SUBMISSION;;ASH_COATED_OSMIUM;SEASHELLS;9999;6
131600;;SUBMISSION;ASH_COATED_OSMIUM;SEASHELLS;10002;6
132200;;SUBMISSION;ASH_COATED_OSMIUM;SEASHELLS;10002;5
132300;;SUBMISSION;ASH_COATED_OSMIUM;SEASHELLS;10007;4
134100;SUBMISSION;;ASH_COATED_OSMIUM;SEASHELLS;9992;2
137400;SUBMISSION;;ASH_COATED_OSMIUM;SEASHELLS;9994;7
139000;SUBMISSION;;ASH_COATED_OSMIUM;SEASHELLS;9995;7
139100;;SUBMISSION;ASH_COATED_OSMIUM;SEASHELLS;10009;2
139200;;SUBMISSION;ASH_COATED_OSMIUM;SEASHELLS;10004;6
139900;SUBMISSION;;ASH_COATED_OSMIUM;SEASHELLS;10000;6
141800;;SUBMISSION;ASH_COATED_OSMIUM;SEASHELLS;10003;6
145300;;SUBMISSION;ASH_COATED_OSMIUM;SEASHELLS;10000;3
146500;SUBMISSION;;ASH_COATED_OSMIUM;SEASHELLS;9999;6
146700;;SUBMISSION;ASH_COATED_OSMIUM;SEASHELLS;9999;3
151400;SUBMISSION;;ASH_COATED_OSMIUM;SEASHELLS;9992;6
161400;;SUBMISSION;ASH_COATED_OSMIUM;SEASHELLS;10003;3
163200;SUBMISSION;;ASH_COATED_OSMIUM;SEASHELLS;10000;6
166700;;SUBMISSION;ASH_COATED_OSMIUM;SEASHELLS;10015;6
167300;;SUBMISSION;ASH_COATED_OSMIUM;SEASHELLS;10008;10
167900;;SUBMISSION;ASH_COATED_OSMIUM;SEASHELLS;10013;4
169500;;SUBMISSION;ASH_COATED_OSMIUM;SEASHELLS;10006;8
169500;;SUBMISSION;ASH_COATED_OSMIUM;SEASHELLS;10012;5
171200;SUBMISSION;;ASH_COATED_OSMIUM;SEASHELLS;9999;3
172200;SUBMISSION;;ASH_COATED_OSMIUM;SEASHELLS;9996;2
173400;;SUBMISSION;ASH_COATED_OSMIUM;SEASHELLS;10005;2
176000;SUBMISSION;;ASH_COATED_OSMIUM;SEASHELLS;10005;2
176700;;SUBMISSION;ASH_COATED_OSMIUM;SEASHELLS;10005;6
177500;;SUBMISSION;ASH_COATED_OSMIUM;SEASHELLS;10003;2
186900;;SUBMISSION;ASH_COATED_OSMIUM;SEASHELLS;10005;5
191200;;SUBMISSION;ASH_COATED_OSMIUM;SEASHELLS;10012;10
192200;SUBMISSION;;ASH_COATED_OSMIUM;SEASHELLS;10006;2
192800;;SUBMISSION;ASH_COATED_OSMIUM;SEASHELLS;10012;3
193800;SUBMISSION;;ASH_COATED_OSMIUM;SEASHELLS;9998;3
194000;;SUBMISSION;ASH_COATED_OSMIUM;SEASHELLS;10007;4
194400;SUBMISSION;;ASH_COATED_OSMIUM;SEASHELLS;9998;4
197200;;SUBMISSION;ASH_COATED_OSMIUM;SEASHELLS;10007;4
197500;SUBMISSION;;ASH_COATED_OSMIUM;SEASHELLS;10007;3
198500;;SUBMISSION;ASH_COATED_OSMIUM;SEASHELLS;10013;2
199200;SUBMISSION;;ASH_COATED_OSMIUM;SEASHELLS;10007;3
202000;SUBMISSION;;ASH_COATED_OSMIUM;SEASHELLS;9997;2
205800;SUBMISSION;;ASH_COATED_OSMIUM;SEASHELLS;9999;3
206400;SUBMISSION;;ASH_COATED_OSMIUM;SEASHELLS;9999;9
209000;SUBMISSION;;ASH_COATED_OSMIUM;SEASHELLS;10000;5
209800;SUBMISSION;;ASH_COATED_OSMIUM;SEASHELLS;9990;9
211000;SUBMISSION;;ASH_COATED_OSMIUM;SEASHELLS;9991;8
212000;SUBMISSION;;ASH_COATED_OSMIUM;SEASHELLS;9991;7
213900;SUBMISSION;;ASH_COATED_OSMIUM;SEASHELLS;9999;4
214400;SUBMISSION;;ASH_COATED_OSMIUM;SEASHELLS;9989;8
214600;;SUBMISSION;ASH_COATED_OSMIUM;SEASHELLS;10006;6
215100;SUBMISSION;;ASH_COATED_OSMIUM;SEASHELLS;9997;6
215700;SUBMISSION;;ASH_COATED_OSMIUM;SEASHELLS;10001;2
216300;;SUBMISSION;ASH_COATED_OSMIUM;SEASHELLS;10001;6
219100;SUBMISSION;;ASH_COATED_OSMIUM;SEASHELLS;9994;5
219600;;SUBMISSION;ASH_COATED_OSMIUM;SEASHELLS;10003;4
222800;SUBMISSION;;ASH_COATED_OSMIUM;SEASHELLS;10002;2
223400;;SUBMISSION;ASH_COATED_OSMIUM;SEASHELLS;9998;2
223700;SUBMISSION;;ASH_COATED_OSMIUM;SEASHELLS;9999;6
224700;SUBMISSION;;ASH_COATED_OSMIUM;SEASHELLS;9993;7
226400;SUBMISSION;;ASH_COATED_OSMIUM;SEASHELLS;9992;5
227400;;SUBMISSION;ASH_COATED_OSMIUM;SEASHELLS;10000;6
230100;;SUBMISSION;ASH_COATED_OSMIUM;SEASHELLS;10006;4
230600;;SUBMISSION;ASH_COATED_OSMIUM;SEASHELLS;10007;7
233600;SUBMISSION;;ASH_COATED_OSMIUM;SEASHELLS;9991;7
234200;SUBMISSION;;ASH_COATED_OSMIUM;SEASHELLS;9990;6
235100;;SUBMISSION;ASH_COATED_OSMIUM;SEASHELLS;10004;6
235800;;SUBMISSION;ASH_COATED_OSMIUM;SEASHELLS;10003;5
235900;SUBMISSION;;ASH_COATED_OSMIUM;SEASHELLS;9998;2
238200;SUBMISSION;;ASH_COATED_OSMIUM;SEASHELLS;9987;8
242100;SUBMISSION;;ASH_COATED_OSMIUM;SEASHELLS;9997;3
243700;SUBMISSION;;ASH_COATED_OSMIUM;SEASHELLS;9993;4
246200;SUBMISSION;;ASH_COATED_OSMIUM;SEASHELLS;9987;3
248200;SUBMISSION;;ASH_COATED_OSMIUM;SEASHELLS;9995;5
249400;SUBMISSION;;ASH_COATED_OSMIUM;SEASHELLS;9986;6
251000;SUBMISSION;;ASH_COATED_OSMIUM;SEASHELLS;9986;4
251900;;SUBMISSION;ASH_COATED_OSMIUM;SEASHELLS;10001;3
253600;SUBMISSION;;ASH_COATED_OSMIUM;SEASHELLS;9986;3
255300;SUBMISSION;;ASH_COATED_OSMIUM;SEASHELLS;9992;6
255500;SUBMISSION;;ASH_COATED_OSMIUM;SEASHELLS;9992;6
255700;;SUBMISSION;ASH_COATED_OSMIUM;SEASHELLS;10001;4
256000;;SUBMISSION;ASH_COATED_OSMIUM;SEASHELLS;10002;5
256100;SUBMISSION;;ASH_COATED_OSMIUM;SEASHELLS;9993;6
258200;;SUBMISSION;ASH_COATED_OSMIUM;SEASHELLS;10002;3
258500;SUBMISSION;;ASH_COATED_OSMIUM;SEASHELLS;9989;9
259800;;SUBMISSION;ASH_COATED_OSMIUM;SEASHELLS;9995;4
260800;;SUBMISSION;ASH_COATED_OSMIUM;SEASHELLS;9996;3
261600;;SUBMISSION;ASH_COATED_OSMIUM;SEASHELLS;10000;10
261700;;SUBMISSION;ASH_COATED_OSMIUM;SEASHELLS;10000;9
262400;;SUBMISSION;ASH_COATED_OSMIUM;SEASHELLS;10006;10
264100;;SUBMISSION;ASH_COATED_OSMIUM;SEASHELLS;9997;5
266100;;SUBMISSION;ASH_COATED_OSMIUM;SEASHELLS;10003;9
266300;;SUBMISSION;ASH_COATED_OSMIUM;SEASHELLS;10009;3
267000;;SUBMISSION;ASH_COATED_OSMIUM;SEASHELLS;10008;5
271200;;SUBMISSION;ASH_COATED_OSMIUM;SEASHELLS;9999;2
272000;;SUBMISSION;ASH_COATED_OSMIUM;SEASHELLS;10013;3
274000;;SUBMISSION;ASH_COATED_OSMIUM;SEASHELLS;10010;3
274600;;SUBMISSION;ASH_COATED_OSMIUM;SEASHELLS;10000;2
274700;;SUBMISSION;ASH_COATED_OSMIUM;SEASHELLS;10000;4
280600;SUBMISSION;;ASH_COATED_OSMIUM;SEASHELLS;9995;6
281300;;SUBMISSION;ASH_COATED_OSMIUM;SEASHELLS;9999;2
282000;;SUBMISSION;ASH_COATED_OSMIUM;SEASHELLS;10004;6
282800;SUBMISSION;;ASH_COATED_OSMIUM;SEASHELLS;9993;8
284800;;SUBMISSION;ASH_COATED_OSMIUM;SEASHELLS;10002;2
289600;;SUBMISSION;ASH_COATED_OSMIUM;SEASHELLS;10003;6
291800;;SUBMISSION;ASH_COATED_OSMIUM;SEASHELLS;10000;3
292000;SUBMISSION;;ASH_COATED_OSMIUM;SEASHELLS;9992;7
295400;;SUBMISSION;ASH_COATED_OSMIUM;SEASHELLS;10007;10
295500;SUBMISSION;;ASH_COATED_OSMIUM;SEASHELLS;10002;3
296100;SUBMISSION;;ASH_COATED_OSMIUM;SEASHELLS;9998;8
297100;SUBMISSION;;ASH_COATED_OSMIUM;SEASHELLS;10000;5
297500;;SUBMISSION;ASH_COATED_OSMIUM;SEASHELLS;10004;6
298500;;SUBMISSION;ASH_COATED_OSMIUM;SEASHELLS;10014;6
299300;;SUBMISSION;ASH_COATED_OSMIUM;SEASHELLS;10005;6
299400;SUBMISSION;;ASH_COATED_OSMIUM;SEASHELLS;10001;6
299900;SUBMISSION;;ASH_COATED_OSMIUM;SEASHELLS;9997;4
301700;SUBMISSION;;ASH_COATED_OSMIUM;SEASHELLS;9999;6
302600;;SUBMISSION;ASH_COATED_OSMIUM;SEASHELLS;10011;2
303200;;SUBMISSION;ASH_COATED_OSMIUM;SEASHELLS;10009;8
304300;SUBMISSION;;ASH_COATED_OSMIUM;SEASHELLS;10002;5
304400;;SUBMISSION;ASH_COATED_OSMIUM;SEASHELLS;10002;6
305000;SUBMISSION;;ASH_COATED_OSMIUM;SEASHELLS;9999;4
308900;SUBMISSION;;ASH_COATED_OSMIUM;SEASHELLS;9999;6
309000;SUBMISSION;;ASH_COATED_OSMIUM;SEASHELLS;9998;6
309900;;SUBMISSION;ASH_COATED_OSMIUM;SEASHELLS;10001;5
310900;SUBMISSION;;ASH_COATED_OSMIUM;SEASHELLS;9998;5
311500;SUBMISSION;;ASH_COATED_OSMIUM;SEASHELLS;9994;10
313100;;SUBMISSION;ASH_COATED_OSMIUM;SEASHELLS;10010;5
315300;SUBMISSION;;ASH_COATED_OSMIUM;SEASHELLS;9996;5
315400;;SUBMISSION;ASH_COATED_OSMIUM;SEASHELLS;10001;3
318400;;SUBMISSION;ASH_COATED_OSMIUM;SEASHELLS;10001;5
318600;SUBMISSION;;ASH_COATED_OSMIUM;SEASHELLS;9994;5
320400;;SUBMISSION;ASH_COATED_OSMIUM;SEASHELLS;10014;7
321800;SUBMISSION;;ASH_COATED_OSMIUM;SEASHELLS;9996;10
323000;;SUBMISSION;ASH_COATED_OSMIUM;SEASHELLS;10001;5
323700;SUBMISSION;;ASH_COATED_OSMIUM;SEASHELLS;9996;6
324200;;SUBMISSION;ASH_COATED_OSMIUM;SEASHELLS;9999;2
325600;SUBMISSION;;ASH_COATED_OSMIUM;SEASHELLS;9994;6
327300;;SUBMISSION;ASH_COATED_OSMIUM;SEASHELLS;9999;5
329500;;SUBMISSION;ASH_COATED_OSMIUM;SEASHELLS;9999;4
329900;;SUBMISSION;ASH_COATED_OSMIUM;SEASHELLS;9999;2
330800;;SUBMISSION;ASH_COATED_OSMIUM;SEASHELLS;10004;7
332900;SUBMISSION;;ASH_COATED_OSMIUM;SEASHELLS;9996;5
335800;SUBMISSION;;ASH_COATED_OSMIUM;SEASHELLS;9995;10
335900;;SUBMISSION;ASH_COATED_OSMIUM;SEASHELLS;10000;3
337100;;SUBMISSION;ASH_COATED_OSMIUM;SEASHELLS;10011;8
337400;;SUBMISSION;ASH_COATED_OSMIUM;SEASHELLS;10000;4
340500;;SUBMISSION;ASH_COATED_OSMIUM;SEASHELLS;10008;4
340900;;SUBMISSION;ASH_COATED_OSMIUM;SEASHELLS;10002;4
342900;SUBMISSION;;ASH_COATED_OSMIUM;SEASHELLS;9996;9
345600;SUBMISSION;;ASH_COATED_OSMIUM;SEASHELLS;10001;4
349400;;SUBMISSION;ASH_COATED_OSMIUM;SEASHELLS;10003;6
350000;;SUBMISSION;ASH_COATED_OSMIUM;SEASHELLS;10008;3
351300;;SUBMISSION;ASH_COATED_OSMIUM;SEASHELLS;10003;6
352200;SUBMISSION;;ASH_COATED_OSMIUM;SEASHELLS;9996;4
353800;;SUBMISSION;ASH_COATED_OSMIUM;SEASHELLS;10003;6
357100;;SUBMISSION;ASH_COATED_OSMIUM;SEASHELLS;10001;2
362500;;SUBMISSION;ASH_COATED_OSMIUM;SEASHELLS;10000;2
365700;SUBMISSION;;ASH_COATED_OSMIUM;SEASHELLS;10001;6
366200;;SUBMISSION;ASH_COATED_OSMIUM;SEASHELLS;10011;5
366200;;SUBMISSION;ASH_COATED_OSMIUM;SEASHELLS;10011;7
366300;SUBMISSION;;ASH_COATED_OSMIUM;SEASHELLS;10003;2
368200;SUBMISSION;;ASH_COATED_OSMIUM;SEASHELLS;10003;3
368900;SUBMISSION;;ASH_COATED_OSMIUM;SEASHELLS;9999;6
369000;;SUBMISSION;ASH_COATED_OSMIUM;SEASHELLS;10004;6
371900;SUBMISSION;;ASH_COATED_OSMIUM;SEASHELLS;10000;5
373400;SUBMISSION;;ASH_COATED_OSMIUM;SEASHELLS;10001;6
373700;;SUBMISSION;ASH_COATED_OSMIUM;SEASHELLS;10001;5
374600;SUBMISSION;;ASH_COATED_OSMIUM;SEASHELLS;10001;6
376100;;SUBMISSION;ASH_COATED_OSMIUM;SEASHELLS;10001;5
379400;SUBMISSION;;ASH_COATED_OSMIUM;SEASHELLS;10001;5
379500;SUBMISSION;;ASH_COATED_OSMIUM;SEASHELLS;9994;9
379800;SUBMISSION;;ASH_COATED_OSMIUM;SEASHELLS;9996;8
380200;SUBMISSION;;ASH_COATED_OSMIUM;SEASHELLS;9995;5
380400;SUBMISSION;;ASH_COATED_OSMIUM;SEASHELLS;9995;6
383000;;SUBMISSION;ASH_COATED_OSMIUM;SEASHELLS;10002;4
383300;;SUBMISSION;ASH_COATED_OSMIUM;SEASHELLS;10008;8
384100;SUBMISSION;;ASH_COATED_OSMIUM;SEASHELLS;9994;3
384800;SUBMISSION;;ASH_COATED_OSMIUM;SEASHELLS;9994;7
387800;;SUBMISSION;ASH_COATED_OSMIUM;SEASHELLS;9998;4
388200;;SUBMISSION;ASH_COATED_OSMIUM;SEASHELLS;10010;10
388500;;SUBMISSION;ASH_COATED_OSMIUM;SEASHELLS;10010;7
389500;SUBMISSION;;ASH_COATED_OSMIUM;SEASHELLS;9993;2
391700;;SUBMISSION;ASH_COATED_OSMIUM;SEASHELLS;9999;3
392200;SUBMISSION;;ASH_COATED_OSMIUM;SEASHELLS;9993;4
393600;;SUBMISSION;ASH_COATED_OSMIUM;SEASHELLS;10001;3
394100;;SUBMISSION;ASH_COATED_OSMIUM;SEASHELLS;10004;8
394700;;SUBMISSION;ASH_COATED_OSMIUM;SEASHELLS;10000;3
396400;SUBMISSION;;ASH_COATED_OSMIUM;SEASHELLS;9999;6
397400;SUBMISSION;;ASH_COATED_OSMIUM;SEASHELLS;10000;6
398600;;SUBMISSION;ASH_COATED_OSMIUM;SEASHELLS;10011;9
399300;;SUBMISSION;ASH_COATED_OSMIUM;SEASHELLS;10010;5
401200;;SUBMISSION;ASH_COATED_OSMIUM;SEASHELLS;10011;5
401700;SUBMISSION;;ASH_COATED_OSMIUM;SEASHELLS;10001;5
402700;SUBMISSION;;ASH_COATED_OSMIUM;SEASHELLS;10000;6
405700;SUBMISSION;;ASH_COATED_OSMIUM;SEASHELLS;9994;6
408200;SUBMISSION;;ASH_COATED_OSMIUM;SEASHELLS;9993;6
410100;;SUBMISSION;ASH_COATED_OSMIUM;SEASHELLS;10009;3
410200;;SUBMISSION;ASH_COATED_OSMIUM;SEASHELLS;10012;5
412500;SUBMISSION;;ASH_COATED_OSMIUM;SEASHELLS;9993;7
413900;;SUBMISSION;ASH_COATED_OSMIUM;SEASHELLS;10011;5
414200;SUBMISSION;;ASH_COATED_OSMIUM;SEASHELLS;9999;6
416000;SUBMISSION;;ASH_COATED_OSMIUM;SEASHELLS;9999;5
417000;;SUBMISSION;ASH_COATED_OSMIUM;SEASHELLS;10000;5
419300;;SUBMISSION;ASH_COATED_OSMIUM;SEASHELLS;10000;5
421300;SUBMISSION;;ASH_COATED_OSMIUM;SEASHELLS;9999;6
422200;;SUBMISSION;ASH_COATED_OSMIUM;SEASHELLS;10008;6
422800;SUBMISSION;;ASH_COATED_OSMIUM;SEASHELLS;10002;3
423200;SUBMISSION;;ASH_COATED_OSMIUM;SEASHELLS;9994;6
424000;;SUBMISSION;ASH_COATED_OSMIUM;SEASHELLS;10006;8
425300;;SUBMISSION;ASH_COATED_OSMIUM;SEASHELLS;10007;4
425600;;SUBMISSION;ASH_COATED_OSMIUM;SEASHELLS;10005;8
426000;;SUBMISSION;ASH_COATED_OSMIUM;SEASHELLS;10006;7
428300;SUBMISSION;;ASH_COATED_OSMIUM;SEASHELLS;10001;2
428400;SUBMISSION;;ASH_COATED_OSMIUM;SEASHELLS;10001;2
430500;SUBMISSION;;ASH_COATED_OSMIUM;SEASHELLS;9992;4
432600;SUBMISSION;;ASH_COATED_OSMIUM;SEASHELLS;9992;6
435000;;SUBMISSION;ASH_COATED_OSMIUM;SEASHELLS;10007;4
436300;SUBMISSION;;ASH_COATED_OSMIUM;SEASHELLS;9998;3
437200;SUBMISSION;;ASH_COATED_OSMIUM;SEASHELLS;9995;7
438900;;SUBMISSION;ASH_COATED_OSMIUM;SEASHELLS;10010;5
439500;SUBMISSION;;ASH_COATED_OSMIUM;SEASHELLS;9990;6
440600;SUBMISSION;;ASH_COATED_OSMIUM;SEASHELLS;10001;3
441100;SUBMISSION;;ASH_COATED_OSMIUM;SEASHELLS;9994;3
442100;;SUBMISSION;ASH_COATED_OSMIUM;SEASHELLS;9999;4
448900;;SUBMISSION;ASH_COATED_OSMIUM;SEASHELLS;10009;5
449600;;SUBMISSION;ASH_COATED_OSMIUM;SEASHELLS;10000;2
453200;;SUBMISSION;ASH_COATED_OSMIUM;SEASHELLS;10002;3
461700;;SUBMISSION;ASH_COATED_OSMIUM;SEASHELLS;10003;3
462200;;SUBMISSION;ASH_COATED_OSMIUM;SEASHELLS;10007;8
462600;;SUBMISSION;ASH_COATED_OSMIUM;SEASHELLS;10003;3
466000;;SUBMISSION;ASH_COATED_OSMIUM;SEASHELLS;10006;6
469200;;SUBMISSION;ASH_COATED_OSMIUM;SEASHELLS;10013;3
470800;;SUBMISSION;ASH_COATED_OSMIUM;SEASHELLS;10013;9
471500;SUBMISSION;;ASH_COATED_OSMIUM;SEASHELLS;10004;6
473000;SUBMISSION;;ASH_COATED_OSMIUM;SEASHELLS;10001;6
473600;SUBMISSION;;ASH_COATED_OSMIUM;SEASHELLS;10001;4
474500;SUBMISSION;;ASH_COATED_OSMIUM;SEASHELLS;10004;3
474900;;SUBMISSION;ASH_COATED_OSMIUM;SEASHELLS;10001;2
475200;SUBMISSION;;ASH_COATED_OSMIUM;SEASHELLS;9996;6
477400;;SUBMISSION;ASH_COATED_OSMIUM;SEASHELLS;10009;5
482200;SUBMISSION;;ASH_COATED_OSMIUM;SEASHELLS;9999;2
484100;SUBMISSION;;ASH_COATED_OSMIUM;SEASHELLS;10000;4
484300;SUBMISSION;;ASH_COATED_OSMIUM;SEASHELLS;9989;9
485200;SUBMISSION;;ASH_COATED_OSMIUM;SEASHELLS;9990;6
486400;;SUBMISSION;ASH_COATED_OSMIUM;SEASHELLS;10008;5
490700;SUBMISSION;;ASH_COATED_OSMIUM;SEASHELLS;9994;3
490800;;SUBMISSION;ASH_COATED_OSMIUM;SEASHELLS;10003;6
492600;SUBMISSION;;ASH_COATED_OSMIUM;SEASHELLS;10000;6
492800;SUBMISSION;;ASH_COATED_OSMIUM;SEASHELLS;10000;4
495600;SUBMISSION;;ASH_COATED_OSMIUM;SEASHELLS;10000;6
496300;SUBMISSION;;ASH_COATED_OSMIUM;SEASHELLS;9992;3
496600;;SUBMISSION;ASH_COATED_OSMIUM;SEASHELLS;9999;4
498300;SUBMISSION;;ASH_COATED_OSMIUM;SEASHELLS;9994;7
498800;;SUBMISSION;ASH_COATED_OSMIUM;SEASHELLS;10001;6
499800;SUBMISSION;;ASH_COATED_OSMIUM;SEASHELLS;9998;5
500000;SUBMISSION;;ASH_COATED_OSMIUM;SEASHELLS;9998;6
501000;SUBMISSION;;ASH_COATED_OSMIUM;SEASHELLS;9993;2
501100;;SUBMISSION;ASH_COATED_OSMIUM;SEASHELLS;9997;4
505400;;SUBMISSION;ASH_COATED_OSMIUM;SEASHELLS;10010;5
506500;;SUBMISSION;ASH_COATED_OSMIUM;SEASHELLS;10011;3
506800;;SUBMISSION;ASH_COATED_OSMIUM;SEASHELLS;10000;2
508600;;SUBMISSION;ASH_COATED_OSMIUM;SEASHELLS;10000;3
510900;;SUBMISSION;ASH_COATED_OSMIUM;SEASHELLS;10002;2
519200;;SUBMISSION;ASH_COATED_OSMIUM;SEASHELLS;10005;2
520900;;SUBMISSION;ASH_COATED_OSMIUM;SEASHELLS;10015;6
521900;;SUBMISSION;ASH_COATED_OSMIUM;SEASHELLS;10009;9
525100;;SUBMISSION;ASH_COATED_OSMIUM;SEASHELLS;10002;5
525500;;SUBMISSION;ASH_COATED_OSMIUM;SEASHELLS;10012;3
526000;;SUBMISSION;ASH_COATED_OSMIUM;SEASHELLS;10012;7
526400;;SUBMISSION;ASH_COATED_OSMIUM;SEASHELLS;10012;5
527700;SUBMISSION;;ASH_COATED_OSMIUM;SEASHELLS;9995;3
529200;;SUBMISSION;ASH_COATED_OSMIUM;SEASHELLS;10003;3
529500;;SUBMISSION;ASH_COATED_OSMIUM;SEASHELLS;10007;5
531200;;SUBMISSION;ASH_COATED_OSMIUM;SEASHELLS;10012;2
532700;;SUBMISSION;ASH_COATED_OSMIUM;SEASHELLS;10008;6
533800;;SUBMISSION;ASH_COATED_OSMIUM;SEASHELLS;10014;4
534100;;SUBMISSION;ASH_COATED_OSMIUM;SEASHELLS;10010;6
534300;SUBMISSION;;ASH_COATED_OSMIUM;SEASHELLS;10002;6
536100;;SUBMISSION;ASH_COATED_OSMIUM;SEASHELLS;10013;8
536800;;SUBMISSION;ASH_COATED_OSMIUM;SEASHELLS;10018;2
537800;;SUBMISSION;ASH_COATED_OSMIUM;SEASHELLS;10009;5
541000;;SUBMISSION;ASH_COATED_OSMIUM;SEASHELLS;10020;6
548400;SUBMISSION;;ASH_COATED_OSMIUM;SEASHELLS;10004;4
550200;;SUBMISSION;ASH_COATED_OSMIUM;SEASHELLS;10010;2
554900;;SUBMISSION;ASH_COATED_OSMIUM;SEASHELLS;10010;2
558300;;SUBMISSION;ASH_COATED_OSMIUM;SEASHELLS;10012;2
559300;SUBMISSION;;ASH_COATED_OSMIUM;SEASHELLS;10011;2
563900;SUBMISSION;;ASH_COATED_OSMIUM;SEASHELLS;10001;3
564300;;SUBMISSION;ASH_COATED_OSMIUM;SEASHELLS;10017;3
570400;SUBMISSION;;ASH_COATED_OSMIUM;SEASHELLS;10007;7
571300;SUBMISSION;;ASH_COATED_OSMIUM;SEASHELLS;10010;3
572400;;SUBMISSION;ASH_COATED_OSMIUM;SEASHELLS;10009;6
573800;;SUBMISSION;ASH_COATED_OSMIUM;SEASHELLS;10018;6
574600;SUBMISSION;;ASH_COATED_OSMIUM;SEASHELLS;10002;9
575200;;SUBMISSION;ASH_COATED_OSMIUM;SEASHELLS;10016;2
576900;SUBMISSION;;ASH_COATED_OSMIUM;SEASHELLS;10001;10
579000;SUBMISSION;;ASH_COATED_OSMIUM;SEASHELLS;10001;9
579400;;SUBMISSION;ASH_COATED_OSMIUM;SEASHELLS;10015;5
579600;;SUBMISSION;ASH_COATED_OSMIUM;SEASHELLS;10010;6
580300;;SUBMISSION;ASH_COATED_OSMIUM;SEASHELLS;10016;3
581300;SUBMISSION;;ASH_COATED_OSMIUM;SEASHELLS;10001;4
585500;SUBMISSION;;ASH_COATED_OSMIUM;SEASHELLS;10005;5
586600;;SUBMISSION;ASH_COATED_OSMIUM;SEASHELLS;10014;6
587200;SUBMISSION;;ASH_COATED_OSMIUM;SEASHELLS;9998;5
587800;SUBMISSION;;ASH_COATED_OSMIUM;SEASHELLS;10003;6
588700;SUBMISSION;;ASH_COATED_OSMIUM;SEASHELLS;10002;6
589200;SUBMISSION;;ASH_COATED_OSMIUM;SEASHELLS;9995;2
589700;SUBMISSION;;ASH_COATED_OSMIUM;SEASHELLS;10006;3
592900;SUBMISSION;;ASH_COATED_OSMIUM;SEASHELLS;10003;5
594700;SUBMISSION;;ASH_COATED_OSMIUM;SEASHELLS;10003;6
596200;;SUBMISSION;ASH_COATED_OSMIUM;SEASHELLS;10013;7
597900;SUBMISSION;;ASH_COATED_OSMIUM;SEASHELLS;10004;4
599000;SUBMISSION;;ASH_COATED_OSMIUM;SEASHELLS;10003;2
601100;SUBMISSION;;ASH_COATED_OSMIUM;SEASHELLS;10000;4
603100;;SUBMISSION;ASH_COATED_OSMIUM;SEASHELLS;10014;9
604700;;SUBMISSION;ASH_COATED_OSMIUM;SEASHELLS;10012;6
605300;;SUBMISSION;ASH_COATED_OSMIUM;SEASHELLS;10006;6
607300;SUBMISSION;;ASH_COATED_OSMIUM;SEASHELLS;9997;3
608300;;SUBMISSION;ASH_COATED_OSMIUM;SEASHELLS;10010;8
611400;SUBMISSION;;ASH_COATED_OSMIUM;SEASHELLS;9998;8
615100;SUBMISSION;;ASH_COATED_OSMIUM;SEASHELLS;9994;3
623600;SUBMISSION;;ASH_COATED_OSMIUM;SEASHELLS;10001;4
623900;;SUBMISSION;ASH_COATED_OSMIUM;SEASHELLS;10013;3
624100;SUBMISSION;;ASH_COATED_OSMIUM;SEASHELLS;9996;4
626000;SUBMISSION;;ASH_COATED_OSMIUM;SEASHELLS;9994;2
630100;;SUBMISSION;ASH_COATED_OSMIUM;SEASHELLS;10008;2
631200;;SUBMISSION;ASH_COATED_OSMIUM;SEASHELLS;10009;9
632400;SUBMISSION;;ASH_COATED_OSMIUM;SEASHELLS;9995;5
633600;SUBMISSION;;ASH_COATED_OSMIUM;SEASHELLS;10003;4
634300;;SUBMISSION;ASH_COATED_OSMIUM;SEASHELLS;10010;6
635100;;SUBMISSION;ASH_COATED_OSMIUM;SEASHELLS;10009;6
635800;SUBMISSION;;ASH_COATED_OSMIUM;SEASHELLS;10000;6
638000;;SUBMISSION;ASH_COATED_OSMIUM;SEASHELLS;10012;4
639500;SUBMISSION;;ASH_COATED_OSMIUM;SEASHELLS;9996;7
639600;SUBMISSION;;ASH_COATED_OSMIUM;SEASHELLS;10001;6
639600;SUBMISSION;;ASH_COATED_OSMIUM;SEASHELLS;9997;4
641900;;SUBMISSION;ASH_COATED_OSMIUM;SEASHELLS;10006;6
648300;SUBMISSION;;ASH_COATED_OSMIUM;SEASHELLS;10000;8
649900;SUBMISSION;;ASH_COATED_OSMIUM;SEASHELLS;9992;4
651900;SUBMISSION;;ASH_COATED_OSMIUM;SEASHELLS;10002;4
654200;SUBMISSION;;ASH_COATED_OSMIUM;SEASHELLS;9991;5
654400;SUBMISSION;;ASH_COATED_OSMIUM;SEASHELLS;9992;3
655300;SUBMISSION;;ASH_COATED_OSMIUM;SEASHELLS;9997;4
655400;SUBMISSION;;ASH_COATED_OSMIUM;SEASHELLS;10001;4
656800;SUBMISSION;;ASH_COATED_OSMIUM;SEASHELLS;10000;4
656900;SUBMISSION;;ASH_COATED_OSMIUM;SEASHELLS;9996;5
657800;SUBMISSION;;ASH_COATED_OSMIUM;SEASHELLS;10000;3
657900;;SUBMISSION;ASH_COATED_OSMIUM;SEASHELLS;10006;10
659800;SUBMISSION;;ASH_COATED_OSMIUM;SEASHELLS;9997;2
660600;SUBMISSION;;ASH_COATED_OSMIUM;SEASHELLS;9985;6
661900;SUBMISSION;;ASH_COATED_OSMIUM;SEASHELLS;9995;4
663100;SUBMISSION;;ASH_COATED_OSMIUM;SEASHELLS;9994;4
663400;SUBMISSION;;ASH_COATED_OSMIUM;SEASHELLS;9994;5
664300;SUBMISSION;;ASH_COATED_OSMIUM;SEASHELLS;9994;4
666900;SUBMISSION;;ASH_COATED_OSMIUM;SEASHELLS;9987;6
667500;SUBMISSION;;ASH_COATED_OSMIUM;SEASHELLS;9985;4
669300;SUBMISSION;;ASH_COATED_OSMIUM;SEASHELLS;9995;5
670500;;SUBMISSION;ASH_COATED_OSMIUM;SEASHELLS;10002;2
670800;SUBMISSION;;ASH_COATED_OSMIUM;SEASHELLS;9988;9
672400;;SUBMISSION;ASH_COATED_OSMIUM;SEASHELLS;9998;6
676700;SUBMISSION;;ASH_COATED_OSMIUM;SEASHELLS;9985;5
677500;SUBMISSION;;ASH_COATED_OSMIUM;SEASHELLS;9996;3
677700;SUBMISSION;;ASH_COATED_OSMIUM;SEASHELLS;9996;2
680300;SUBMISSION;;ASH_COATED_OSMIUM;SEASHELLS;9988;6
681500;SUBMISSION;;ASH_COATED_OSMIUM;SEASHELLS;9984;3
682900;;SUBMISSION;ASH_COATED_OSMIUM;SEASHELLS;10002;7
683400;;SUBMISSION;ASH_COATED_OSMIUM;SEASHELLS;9996;6
683500;SUBMISSION;;ASH_COATED_OSMIUM;SEASHELLS;9992;6
684700;SUBMISSION;;ASH_COATED_OSMIUM;SEASHELLS;9986;3
685000;SUBMISSION;;ASH_COATED_OSMIUM;SEASHELLS;9990;6
685300;SUBMISSION;;ASH_COATED_OSMIUM;SEASHELLS;9990;5
690800;SUBMISSION;;ASH_COATED_OSMIUM;SEASHELLS;9984;5
693100;;SUBMISSION;ASH_COATED_OSMIUM;SEASHELLS;10000;4
694700;;SUBMISSION;ASH_COATED_OSMIUM;SEASHELLS;10000;8
695100;SUBMISSION;;ASH_COATED_OSMIUM;SEASHELLS;9990;6
696600;;SUBMISSION;ASH_COATED_OSMIUM;SEASHELLS;10000;3
699500;SUBMISSION;;ASH_COATED_OSMIUM;SEASHELLS;9991;4
702100;SUBMISSION;;ASH_COATED_OSMIUM;SEASHELLS;9987;5
702400;;SUBMISSION;ASH_COATED_OSMIUM;SEASHELLS;9992;6
706200;SUBMISSION;;ASH_COATED_OSMIUM;SEASHELLS;9993;2
706700;SUBMISSION;;ASH_COATED_OSMIUM;SEASHELLS;9988;7
708000;;SUBMISSION;ASH_COATED_OSMIUM;SEASHELLS;9992;6
708200;;SUBMISSION;ASH_COATED_OSMIUM;SEASHELLS;9997;5
709600;;SUBMISSION;ASH_COATED_OSMIUM;SEASHELLS;9998;2
710300;SUBMISSION;;ASH_COATED_OSMIUM;SEASHELLS;9992;2
714200;SUBMISSION;;ASH_COATED_OSMIUM;SEASHELLS;9986;7
715800;SUBMISSION;;ASH_COATED_OSMIUM;SEASHELLS;9989;4
716600;SUBMISSION;;ASH_COATED_OSMIUM;SEASHELLS;9989;2
719400;SUBMISSION;;ASH_COATED_OSMIUM;SEASHELLS;9985;6
721400;;SUBMISSION;ASH_COATED_OSMIUM;SEASHELLS;9996;4
721800;SUBMISSION;;ASH_COATED_OSMIUM;SEASHELLS;9984;5
724600;;SUBMISSION;ASH_COATED_OSMIUM;SEASHELLS;9994;2
724800;SUBMISSION;;ASH_COATED_OSMIUM;SEASHELLS;9989;2
725800;;SUBMISSION;ASH_COATED_OSMIUM;SEASHELLS;9990;5
726000;SUBMISSION;;ASH_COATED_OSMIUM;SEASHELLS;9990;2
726700;SUBMISSION;;ASH_COATED_OSMIUM;SEASHELLS;9988;2
726900;SUBMISSION;;ASH_COATED_OSMIUM;SEASHELLS;9991;1
727400;;SUBMISSION;ASH_COATED_OSMIUM;SEASHELLS;9988;2
728100;;SUBMISSION;ASH_COATED_OSMIUM;SEASHELLS;9998;10
728400;;SUBMISSION;ASH_COATED_OSMIUM;SEASHELLS;9999;9
729300;;SUBMISSION;ASH_COATED_OSMIUM;SEASHELLS;9999;8
730000;;SUBMISSION;ASH_COATED_OSMIUM;SEASHELLS;9998;2
731100;SUBMISSION;;ASH_COATED_OSMIUM;SEASHELLS;9984;5
731200;SUBMISSION;;ASH_COATED_OSMIUM;SEASHELLS;9984;7
732000;SUBMISSION;;ASH_COATED_OSMIUM;SEASHELLS;9983;6
736500;;SUBMISSION;ASH_COATED_OSMIUM;SEASHELLS;9993;5
736600;SUBMISSION;;ASH_COATED_OSMIUM;SEASHELLS;9989;6
739900;SUBMISSION;;ASH_COATED_OSMIUM;SEASHELLS;9982;4
742700;;SUBMISSION;ASH_COATED_OSMIUM;SEASHELLS;9995;5
743700;;SUBMISSION;ASH_COATED_OSMIUM;SEASHELLS;10002;8
744800;;SUBMISSION;ASH_COATED_OSMIUM;SEASHELLS;9995;5
744900;SUBMISSION;;ASH_COATED_OSMIUM;SEASHELLS;9991;4
745000;;SUBMISSION;ASH_COATED_OSMIUM;SEASHELLS;10000;6
749500;;SUBMISSION;ASH_COATED_OSMIUM;SEASHELLS;9992;2
753500;SUBMISSION;;ASH_COATED_OSMIUM;SEASHELLS;9989;7
757100;;SUBMISSION;ASH_COATED_OSMIUM;SEASHELLS;10005;6
759600;;SUBMISSION;ASH_COATED_OSMIUM;SEASHELLS;10005;3
763100;;SUBMISSION;ASH_COATED_OSMIUM;SEASHELLS;9997;2
765700;SUBMISSION;;ASH_COATED_OSMIUM;SEASHELLS;9990;6
767600;;SUBMISSION;ASH_COATED_OSMIUM;SEASHELLS;10005;10
769500;SUBMISSION;;ASH_COATED_OSMIUM;SEASHELLS;9991;7
770200;SUBMISSION;;ASH_COATED_OSMIUM;SEASHELLS;9989;5
771700;;SUBMISSION;ASH_COATED_OSMIUM;SEASHELLS;9998;5
773700;;SUBMISSION;ASH_COATED_OSMIUM;SEASHELLS;10001;4
775400;;SUBMISSION;ASH_COATED_OSMIUM;SEASHELLS;9997;4
779300;SUBMISSION;;ASH_COATED_OSMIUM;SEASHELLS;9989;4
779500;;SUBMISSION;ASH_COATED_OSMIUM;SEASHELLS;9998;4
780200;SUBMISSION;;ASH_COATED_OSMIUM;SEASHELLS;9988;4
780800;;SUBMISSION;ASH_COATED_OSMIUM;SEASHELLS;10005;6
781500;;SUBMISSION;ASH_COATED_OSMIUM;SEASHELLS;10007;3
782400;SUBMISSION;;ASH_COATED_OSMIUM;SEASHELLS;9988;4
782700;;SUBMISSION;ASH_COATED_OSMIUM;SEASHELLS;10003;6
783300;;SUBMISSION;ASH_COATED_OSMIUM;SEASHELLS;9998;4
783400;;SUBMISSION;ASH_COATED_OSMIUM;SEASHELLS;10004;2
784600;;SUBMISSION;ASH_COATED_OSMIUM;SEASHELLS;10005;4
785000;;SUBMISSION;ASH_COATED_OSMIUM;SEASHELLS;9999;6
785700;SUBMISSION;;ASH_COATED_OSMIUM;SEASHELLS;9998;2
785800;SUBMISSION;;ASH_COATED_OSMIUM;SEASHELLS;9994;6
787100;;SUBMISSION;ASH_COATED_OSMIUM;SEASHELLS;10007;4
788500;SUBMISSION;;ASH_COATED_OSMIUM;SEASHELLS;9999;2
791200;;SUBMISSION;ASH_COATED_OSMIUM;SEASHELLS;9998;6
792500;SUBMISSION;;ASH_COATED_OSMIUM;SEASHELLS;9998;5
793200;;SUBMISSION;ASH_COATED_OSMIUM;SEASHELLS;10004;4
793400;SUBMISSION;;ASH_COATED_OSMIUM;SEASHELLS;9998;3
794800;SUBMISSION;;ASH_COATED_OSMIUM;SEASHELLS;9991;5
797000;SUBMISSION;;ASH_COATED_OSMIUM;SEASHELLS;9999;2
797300;;SUBMISSION;ASH_COATED_OSMIUM;SEASHELLS;10003;6
798000;;SUBMISSION;ASH_COATED_OSMIUM;SEASHELLS;10005;3
799100;SUBMISSION;;ASH_COATED_OSMIUM;SEASHELLS;9997;5
799800;SUBMISSION;;ASH_COATED_OSMIUM;SEASHELLS;9997;5
802800;;SUBMISSION;ASH_COATED_OSMIUM;SEASHELLS;10005;5
802900;;SUBMISSION;ASH_COATED_OSMIUM;SEASHELLS;9996;3
803300;;SUBMISSION;ASH_COATED_OSMIUM;SEASHELLS;10005;10
804000;SUBMISSION;;ASH_COATED_OSMIUM;SEASHELLS;9988;3
804400;;SUBMISSION;ASH_COATED_OSMIUM;SEASHELLS;10008;4
805400;;SUBMISSION;ASH_COATED_OSMIUM;SEASHELLS;10005;2
808300;;SUBMISSION;ASH_COATED_OSMIUM;SEASHELLS;10009;5
808600;SUBMISSION;;ASH_COATED_OSMIUM;SEASHELLS;9994;2
809300;;SUBMISSION;ASH_COATED_OSMIUM;SEASHELLS;10010;5
812300;SUBMISSION;;ASH_COATED_OSMIUM;SEASHELLS;9992;2
812600;;SUBMISSION;ASH_COATED_OSMIUM;SEASHELLS;10009;2
812800;;SUBMISSION;ASH_COATED_OSMIUM;SEASHELLS;10003;4
814300;SUBMISSION;;ASH_COATED_OSMIUM;SEASHELLS;9995;5
814900;;SUBMISSION;ASH_COATED_OSMIUM;SEASHELLS;10004;6
818800;;SUBMISSION;ASH_COATED_OSMIUM;SEASHELLS;10002;5
821000;;SUBMISSION;ASH_COATED_OSMIUM;SEASHELLS;10000;4
821100;SUBMISSION;;ASH_COATED_OSMIUM;SEASHELLS;9996;9
821800;;SUBMISSION;ASH_COATED_OSMIUM;SEASHELLS;10004;6
823500;SUBMISSION;;ASH_COATED_OSMIUM;SEASHELLS;9999;6
828400;;SUBMISSION;ASH_COATED_OSMIUM;SEASHELLS;10001;5
830800;SUBMISSION;;ASH_COATED_OSMIUM;SEASHELLS;9996;9
831100;;SUBMISSION;ASH_COATED_OSMIUM;SEASHELLS;10011;4
834500;;SUBMISSION;ASH_COATED_OSMIUM;SEASHELLS;10005;5
834900;;SUBMISSION;ASH_COATED_OSMIUM;SEASHELLS;10005;3
836700;;SUBMISSION;ASH_COATED_OSMIUM;SEASHELLS;10004;4
837700;;SUBMISSION;ASH_COATED_OSMIUM;SEASHELLS;10003;4
838100;;SUBMISSION;ASH_COATED_OSMIUM;SEASHELLS;10003;5
843200;;SUBMISSION;ASH_COATED_OSMIUM;SEASHELLS;10002;2
843500;;SUBMISSION;ASH_COATED_OSMIUM;SEASHELLS;10002;4
843800;;SUBMISSION;ASH_COATED_OSMIUM;SEASHELLS;10012;4
848100;;SUBMISSION;ASH_COATED_OSMIUM;SEASHELLS;10004;2
848900;SUBMISSION;;ASH_COATED_OSMIUM;SEASHELLS;10003;6
850200;;SUBMISSION;ASH_COATED_OSMIUM;SEASHELLS;10004;2
850400;;SUBMISSION;ASH_COATED_OSMIUM;SEASHELLS;10008;6
851000;;SUBMISSION;ASH_COATED_OSMIUM;SEASHELLS;10003;3
852600;SUBMISSION;;ASH_COATED_OSMIUM;SEASHELLS;10003;6
852800;;SUBMISSION;ASH_COATED_OSMIUM;SEASHELLS;10007;6
853100;SUBMISSION;;ASH_COATED_OSMIUM;SEASHELLS;9997;5
853200;;SUBMISSION;ASH_COATED_OSMIUM;SEASHELLS;10006;6
854000;;SUBMISSION;ASH_COATED_OSMIUM;SEASHELLS;10013;6
856500;SUBMISSION;;ASH_COATED_OSMIUM;SEASHELLS;9993;5
858300;SUBMISSION;;ASH_COATED_OSMIUM;SEASHELLS;10001;3
860600;SUBMISSION;;ASH_COATED_OSMIUM;SEASHELLS;9993;2
861400;SUBMISSION;;ASH_COATED_OSMIUM;SEASHELLS;9994;4
861600;;SUBMISSION;ASH_COATED_OSMIUM;SEASHELLS;10008;2
863400;SUBMISSION;;ASH_COATED_OSMIUM;SEASHELLS;9999;2
864600;SUBMISSION;;ASH_COATED_OSMIUM;SEASHELLS;9991;3
870800;SUBMISSION;;ASH_COATED_OSMIUM;SEASHELLS;9996;8
871500;SUBMISSION;;ASH_COATED_OSMIUM;SEASHELLS;9996;6
871900;;SUBMISSION;ASH_COATED_OSMIUM;SEASHELLS;10008;5
872600;SUBMISSION;;ASH_COATED_OSMIUM;SEASHELLS;9992;3
875700;SUBMISSION;;ASH_COATED_OSMIUM;SEASHELLS;9989;10
877100;SUBMISSION;;ASH_COATED_OSMIUM;SEASHELLS;10001;2
877700;SUBMISSION;;ASH_COATED_OSMIUM;SEASHELLS;9996;9
878200;;SUBMISSION;ASH_COATED_OSMIUM;SEASHELLS;10001;5
879400;SUBMISSION;;ASH_COATED_OSMIUM;SEASHELLS;9997;4
880100;SUBMISSION;;ASH_COATED_OSMIUM;SEASHELLS;9993;3
881300;SUBMISSION;;ASH_COATED_OSMIUM;SEASHELLS;9992;4
882400;;SUBMISSION;ASH_COATED_OSMIUM;SEASHELLS;10006;5
883800;;SUBMISSION;ASH_COATED_OSMIUM;SEASHELLS;10005;5
884700;SUBMISSION;;ASH_COATED_OSMIUM;SEASHELLS;9999;4
884800;SUBMISSION;;ASH_COATED_OSMIUM;SEASHELLS;9995;5
885400;SUBMISSION;;ASH_COATED_OSMIUM;SEASHELLS;9989;2
885600;;SUBMISSION;ASH_COATED_OSMIUM;SEASHELLS;10005;4
890400;SUBMISSION;;ASH_COATED_OSMIUM;SEASHELLS;9997;3
890500;SUBMISSION;;ASH_COATED_OSMIUM;SEASHELLS;9989;5
891900;;SUBMISSION;ASH_COATED_OSMIUM;SEASHELLS;10007;6
892200;SUBMISSION;;ASH_COATED_OSMIUM;SEASHELLS;9999;5
893400;SUBMISSION;;ASH_COATED_OSMIUM;SEASHELLS;9996;6
897000;SUBMISSION;;ASH_COATED_OSMIUM;SEASHELLS;9997;4
897800;;SUBMISSION;ASH_COATED_OSMIUM;SEASHELLS;9997;2
898600;SUBMISSION;;ASH_COATED_OSMIUM;SEASHELLS;9997;5
900200;;SUBMISSION;ASH_COATED_OSMIUM;SEASHELLS;10001;4
904600;;SUBMISSION;ASH_COATED_OSMIUM;SEASHELLS;10005;4
906000;;SUBMISSION;ASH_COATED_OSMIUM;SEASHELLS;10001;5
907400;;SUBMISSION;ASH_COATED_OSMIUM;SEASHELLS;10008;7
908400;;SUBMISSION;ASH_COATED_OSMIUM;SEASHELLS;10009;6
908500;;SUBMISSION;ASH_COATED_OSMIUM;SEASHELLS;10000;6
908600;;SUBMISSION;ASH_COATED_OSMIUM;SEASHELLS;10006;4
912800;;SUBMISSION;ASH_COATED_OSMIUM;SEASHELLS;10002;6
913400;;SUBMISSION;ASH_COATED_OSMIUM;SEASHELLS;10013;8
914800;;SUBMISSION;ASH_COATED_OSMIUM;SEASHELLS;10009;4
914900;;SUBMISSION;ASH_COATED_OSMIUM;SEASHELLS;10003;6
916100;;SUBMISSION;ASH_COATED_OSMIUM;SEASHELLS;10010;3
917200;;SUBMISSION;ASH_COATED_OSMIUM;SEASHELLS;10012;9
917600;;SUBMISSION;ASH_COATED_OSMIUM;SEASHELLS;10008;2
922900;;SUBMISSION;ASH_COATED_OSMIUM;SEASHELLS;10007;2
924900;SUBMISSION;;ASH_COATED_OSMIUM;SEASHELLS;10001;2
924900;;SUBMISSION;ASH_COATED_OSMIUM;SEASHELLS;10015;5
927400;SUBMISSION;;ASH_COATED_OSMIUM;SEASHELLS;9997;9
928900;;SUBMISSION;ASH_COATED_OSMIUM;SEASHELLS;10014;2
929200;SUBMISSION;;ASH_COATED_OSMIUM;SEASHELLS;10004;1
930200;SUBMISSION;;ASH_COATED_OSMIUM;SEASHELLS;9998;3
930300;;SUBMISSION;ASH_COATED_OSMIUM;SEASHELLS;10006;4
930700;SUBMISSION;;ASH_COATED_OSMIUM;SEASHELLS;10007;2
932400;SUBMISSION;;ASH_COATED_OSMIUM;SEASHELLS;10004;6
933000;;SUBMISSION;ASH_COATED_OSMIUM;SEASHELLS;10016;9
933100;;SUBMISSION;ASH_COATED_OSMIUM;SEASHELLS;10009;6
934300;;SUBMISSION;ASH_COATED_OSMIUM;SEASHELLS;10014;2
935600;;SUBMISSION;ASH_COATED_OSMIUM;SEASHELLS;10005;3
935900;SUBMISSION;;ASH_COATED_OSMIUM;SEASHELLS;10005;6
936300;SUBMISSION;;ASH_COATED_OSMIUM;SEASHELLS;10007;4
940300;SUBMISSION;;ASH_COATED_OSMIUM;SEASHELLS;10005;4
940500;SUBMISSION;;ASH_COATED_OSMIUM;SEASHELLS;10006;2
941300;;SUBMISSION;ASH_COATED_OSMIUM;SEASHELLS;10007;4
941400;;SUBMISSION;ASH_COATED_OSMIUM;SEASHELLS;10013;6
941800;SUBMISSION;;ASH_COATED_OSMIUM;SEASHELLS;10008;2
942800;;SUBMISSION;ASH_COATED_OSMIUM;SEASHELLS;10012;6
943900;SUBMISSION;;ASH_COATED_OSMIUM;SEASHELLS;10008;2
944000;SUBMISSION;;ASH_COATED_OSMIUM;SEASHELLS;10004;6
944500;;SUBMISSION;ASH_COATED_OSMIUM;SEASHELLS;10014;10
946700;SUBMISSION;;ASH_COATED_OSMIUM;SEASHELLS;10004;6
948300;SUBMISSION;;ASH_COATED_OSMIUM;SEASHELLS;10004;6
950000;;SUBMISSION;ASH_COATED_OSMIUM;SEASHELLS;10018;4
952900;;SUBMISSION;ASH_COATED_OSMIUM;SEASHELLS;10007;5
956900;;SUBMISSION;ASH_COATED_OSMIUM;SEASHELLS;10009;5
958100;;SUBMISSION;ASH_COATED_OSMIUM;SEASHELLS;10009;4
958400;;SUBMISSION;ASH_COATED_OSMIUM;SEASHELLS;10009;5
959800;;SUBMISSION;ASH_COATED_OSMIUM;SEASHELLS;10014;4
963700;;SUBMISSION;ASH_COATED_OSMIUM;SEASHELLS;10009;2
964400;;SUBMISSION;ASH_COATED_OSMIUM;SEASHELLS;10009;2
964600;;SUBMISSION;ASH_COATED_OSMIUM;SEASHELLS;10013;1
964900;SUBMISSION;;ASH_COATED_OSMIUM;SEASHELLS;10005;2
965300;SUBMISSION;;ASH_COATED_OSMIUM;SEASHELLS;10009;6
966200;SUBMISSION;;ASH_COATED_OSMIUM;SEASHELLS;10004;5
972400;;SUBMISSION;ASH_COATED_OSMIUM;SEASHELLS;10008;3
974300;;SUBMISSION;ASH_COATED_OSMIUM;SEASHELLS;10017;4
979300;;SUBMISSION;ASH_COATED_OSMIUM;SEASHELLS;10010;2
980200;SUBMISSION;;ASH_COATED_OSMIUM;SEASHELLS;10001;4
980300;;SUBMISSION;ASH_COATED_OSMIUM;SEASHELLS;10010;2
981600;SUBMISSION;;ASH_COATED_OSMIUM;SEASHELLS;10004;4
982400;SUBMISSION;;ASH_COATED_OSMIUM;SEASHELLS;10009;3
983100;SUBMISSION;;ASH_COATED_OSMIUM;SEASHELLS;10006;4
985700;;SUBMISSION;ASH_COATED_OSMIUM;SEASHELLS;10006;3
985800;;SUBMISSION;ASH_COATED_OSMIUM;SEASHELLS;10006;2
987400;;SUBMISSION;ASH_COATED_OSMIUM;SEASHELLS;10015;9
988500;SUBMISSION;;ASH_COATED_OSMIUM;SEASHELLS;10004;6
991000;;SUBMISSION;ASH_COATED_OSMIUM;SEASHELLS;10007;2
991600;;SUBMISSION;ASH_COATED_OSMIUM;SEASHELLS;10017;5
992100;SUBMISSION;;ASH_COATED_OSMIUM;SEASHELLS;10007;6
992700;;SUBMISSION;ASH_COATED_OSMIUM;SEASHELLS;10010;2
992800;SUBMISSION;;ASH_COATED_OSMIUM;SEASHELLS;10006;6
993100;;SUBMISSION;ASH_COATED_OSMIUM;SEASHELLS;10010;5
993100;;SUBMISSION;ASH_COATED_OSMIUM;SEASHELLS;10016;3
993400;SUBMISSION;;ASH_COATED_OSMIUM;SEASHELLS;10001;3
996100;SUBMISSION;;ASH_COATED_OSMIUM;SEASHELLS;10005;4
998000;SUBMISSION;;ASH_COATED_OSMIUM;SEASHELLS;10001;6
998400;SUBMISSION;;ASH_COATED_OSMIUM;SEASHELLS;10000;5
