rank,name,parent,families,deterministic_total,delta_vs_safe,delta_vs_attack,min_day_delta_vs_safe,daily_delta_range_vs_safe,deterministic_score,composite_score,day_-2,ash_-2,pepper_-2,trades_-2,day_-1,ash_-1,pepper_-1,trades_-1,day_0,ash_0,pepper_0,trades_0,mc_mean_delta,mc_p10_delta,mc_win_rate,mc_plausible_mean_delta,mc_plausible_p10_delta
1,TradervR1_lab_r04_01_a_local_fair_blend,TradervR1_lab_r03_08_a_attack_tuning_a_quality_guard_p_entry_quality,ash_local_fair_blend,292738.0,4695.5,2893.5,1335.5,446.5,5127.205,7692.2633,97465.0,17821.0,79644.0,706,97999.0,18631.0,79368.0,704,97274.0,17886.0,79388.0,679,4773.3333,4433.75,1.0,4773.3333,4433.75
2,TradervR1_lab_r04_01_a_local_fair_blend_cmaes_ash_local_fair_blend,TradervR1_lab_r04_01_a_local_fair_blend,"ash_local_fair_blend,cmaes_refine",292738.0,4695.5,2893.5,1335.5,446.5,5127.205,6231.3122,97465.0,17821.0,79644.0,706,97999.0,18631.0,79368.0,704,97274.0,17886.0,79388.0,679,2963.4167,-788.75,0.8333,2963.4167,-788.75
3,TradervR1_lab_r05_03_a_local_fair_blend,TradervR1_lab_r04_01_a_local_fair_blend_best,ash_local_fair_blend,292274.5,4232.0,2430.0,1067.0,635.0,4554.65,5159.0972,97196.5,17552.5,79644.0,734,97919.0,18551.0,79368.0,724,97159.0,17771.0,79388.0,700,2328.1667,-2542.75,0.8333,2328.1667,-2542.75
4,TradervR1_lab_r08_07_p_entry_quality_a_quality_guard,TradervR1_lab_r07_02_p_entry_quality,"pepper_entry_quality,ash_quality_guard",289823.5,1781.0,-21.0,463.0,303.0,1918.81,4097.945,96681.5,17013.5,79668.0,830,96680.0,17371.0,79309.0,813,96462.0,17051.0,79411.0,789,4320.75,2982.25,1.0,4320.75,2982.25
5,TradervR1_lab_r07_03_p_entry_quality_a_local_fair_blend,TradervR1_47,"pepper_entry_quality,ash_local_fair_blend",290897.5,2855.0,1053.0,802.0,238.0,3116.66,3416.8595,96931.5,17287.5,79644.0,788,97257.0,17889.0,79368.0,755,96709.0,17312.0,79397.0,737,1518.25,-2360.25,0.6667,1518.25,-2360.25
6,TradervR1_lab_r10_08_a_quality_guard_p_entry_quality_cmaes_ash_quality_guard,TradervR1_lab_r10_08_a_quality_guard_p_entry_quality,"ash_quality_guard,cmaes_refine",290302.0,2259.5,457.5,501.5,438.5,2399.945,3105.1905,96631.0,16994.0,79637.0,830,97157.0,17789.0,79368.0,817,96514.0,17117.0,79397.0,792,1553.0,392.0,0.8333,1553.0,392.0
7,TradervR1_lab_r18_04_p_carry_defense,TradervR1_47,pepper_carry_defense,289781.5,1739.0,-63.0,461.0,289.0,1877.23,3029.0517,96657.5,17013.5,79644.0,830,96678.0,17371.0,79307.0,813,96446.0,17051.0,79395.0,788,2192.4167,1749.25,1.0,2192.4167,1749.25
8,TradervR1_lab_r08_07_p_entry_quality_a_quality_guard_cmaes_pepper_entry_quality,TradervR1_lab_r08_07_p_entry_quality_a_quality_guard,"pepper_entry_quality,cmaes_refine",289823.5,1781.0,-21.0,463.0,303.0,1918.81,2866.0722,96681.5,17013.5,79668.0,830,96680.0,17371.0,79309.0,813,96462.0,17051.0,79411.0,789,2830.9167,-1518.5,0.8333,2830.9167,-1518.5
9,TradervR1_lab_r10_08_a_quality_guard_p_entry_quality,TradervR1_47,"ash_quality_guard,pepper_entry_quality",290302.0,2259.5,457.5,501.5,438.5,2399.945,2733.0272,96631.0,16994.0,79637.0,830,97157.0,17789.0,79368.0,817,96514.0,17117.0,79397.0,792,1070.4167,-887.5,0.8333,1070.4167,-887.5
10,TradervR1_lab_r17_05_a_local_fair_blend,TradervR1_lab_r16_08_a_local_fair_blend_a_quality_guard,ash_local_fair_blend,289890.0,1847.5,45.5,325.5,559.5,1916.665,2705.7705,96455.0,16811.0,79644.0,844,97102.0,17734.0,79368.0,835,96333.0,16936.0,79397.0,807,2186.5,-819.0,0.8333,2186.5,-819.0
11,TradervR1_lab_r11_02_p_entry_quality_p_carry_defense_a_attack_tuning,TradervR1_lab_r10_02_a_quality_guard_p_entry_quality,"pepper_entry_quality,pepper_carry_defense,ash_attack_tuning",289394.5,1352.0,-450.0,349.0,283.0,1451.51,2620.5317,96500.5,16857.5,79643.0,822,96566.0,17198.0,79368.0,815,96328.0,16946.0,79382.0,786,2444.4167,1373.25,1.0,2444.4167,1373.25
12,TradervR1_lab_r02_08_p_carry_defense,TradervR1_47,pepper_carry_defense,289800.5,1758.0,-44.0,487.0,263.0,1907.41,2536.7638,96650.5,17013.5,79637.0,830,96704.0,17371.0,79333.0,814,96446.0,17051.0,79395.0,788,1780.0833,-773.75,0.8333,1780.0833,-773.75
13,TradervR1_lab_r03_08_a_attack_tuning_a_quality_guard_p_entry_quality,TradervR1_47,"ash_attack_tuning,ash_quality_guard,pepper_entry_quality",290379.0,2336.5,534.5,521.5,484.5,2480.265,2384.3662,96651.0,17007.0,79644.0,829,97223.0,17855.0,79368.0,814,96505.0,17117.0,79388.0,791,568.1667,-2475.0,0.6667,568.1667,-2475.0
14,TradervR1_lab_r07_05_a_quality_guard_a_local_fair_blend_a_attack_tuning,TradervR1_47,"ash_quality_guard,ash_local_fair_blend,ash_attack_tuning",290524.0,2481.5,679.5,564.5,442.5,2643.675,2357.4062,96694.0,17050.0,79644.0,829,97127.0,17759.0,79368.0,802,96703.0,17306.0,79397.0,793,969.1667,-4980.5,0.6667,969.1667,-4980.5
15,TradervR1_lab_r12_06_a_local_fair_blend_a_attack_tuning,TradervR1_47_2,"ash_local_fair_blend,ash_attack_tuning",289878.0,1835.5,33.5,417.5,342.5,1954.225,2247.6712,96547.0,16903.0,79644.0,790,96977.0,17609.0,79368.0,772,96354.0,16957.0,79397.0,755,1087.6667,-1178.25,0.6667,1087.6667,-1178.25
16,TradervR1_lab_r16_07_p_carry_defense,TradervR1_47,pepper_carry_defense,289836.5,1794.0,-8.0,522.0,223.0,1958.86,2196.9322,96656.5,17013.5,79643.0,831,96739.0,17371.0,79368.0,814,96441.0,17051.0,79390.0,789,866.1667,-978.0,0.8333,866.1667,-978.0
17,TradervR1_lab_r02_03_a_attack_tuning_a_quality_guard,TradervR1_lab_r01_06_p_entry_quality,"ash_attack_tuning,ash_quality_guard",290014.5,1972.0,170.0,406.0,390.0,2082.9,2119.2228,96535.5,16898.5,79637.0,827,97013.0,17645.0,79368.0,812,96466.0,17076.0,79390.0,791,992.0833,-2741.75,0.6667,992.0833,-2741.75
18,TradervR1_lab_r05_01_p_carry_defense,TradervR1_47,pepper_carry_defense,289832.5,1790.0,-12.0,479.0,287.0,1934.69,2117.8905,96674.5,17013.5,79661.0,830,96696.0,17371.0,79325.0,814,96462.0,17051.0,79411.0,789,902.25,-1470.75,0.8333,902.25,-1470.75
19,TradervR1_lab_r18_05_a_attack_tuning,TradervR1_lab_r17_05_a_local_fair_blend,ash_attack_tuning,289879.0,1836.5,34.5,268.5,637.5,1879.475,2024.9872,96398.0,16754.0,79644.0,842,97123.0,17755.0,79368.0,832,96358.0,16961.0,79397.0,809,1040.9167,-2143.0,0.8333,1040.9167,-2143.0
20,TradervR1_lab_r18_07_a_quality_guard,TradervR1_47,ash_quality_guard,290021.5,1979.0,177.0,441.0,339.0,2106.23,2019.7278,96570.5,16926.5,79644.0,829,96975.0,17607.0,79368.0,811,96476.0,17079.0,79397.0,791,794.8333,-3055.5,0.6667,794.8333,-3055.5
21,TradervR1_lab_r07_02_p_entry_quality,TradervR1_lab_r06_06_p_carry_defense_best,pepper_entry_quality,289816.5,1774.0,-28.0,463.0,303.0,1911.81,1911.81,96674.5,17013.5,79661.0,830,96680.0,17371.0,79309.0,813,96462.0,17051.0,79411.0,789,,,,,
22,TradervR1_lab_r12_04_p_entry_quality,TradervR1_lab_r11_01_a_quality_guard,pepper_entry_quality,289777.5,1735.0,-67.0,490.0,233.0,1887.86,1887.86,96619.5,16982.5,79637.0,827,96739.0,17371.0,79368.0,814,96419.0,17022.0,79397.0,790,,,,,
23,TradervR1_lab_r12_06_a_local_fair_blend_a_attack_tuning_cmaes_ash_local_fair_blend,TradervR1_lab_r12_06_a_local_fair_blend_a_attack_tuning,"ash_local_fair_blend,cmaes_refine",289878.0,1835.5,33.5,417.5,342.5,1954.225,1861.8805,96547.0,16903.0,79644.0,790,96977.0,17609.0,79368.0,772,96354.0,16957.0,79397.0,755,577.0,-2516.5,0.8333,577.0,-2516.5
24,TradervR1_lab_r07_01_a_quality_guard,TradervR1_lab_r06_06_p_carry_defense,ash_quality_guard,289947.5,1905.0,103.0,448.0,330.0,2035.4,1861.8788,96577.5,16926.5,79651.0,829,96896.0,17607.0,79289.0,810,96474.0,17079.0,79395.0,790,360.5833,-2478.0,0.8333,360.5833,-2478.0
25,TradervR1_lab_r01_06_p_entry_quality,TradervR1_47,pepper_entry_quality,289830.5,1788.0,-14.0,521.0,224.0,1952.43,1829.9495,96650.5,17013.5,79637.0,830,96739.0,17371.0,79368.0,814,96441.0,17051.0,79390.0,789,430.75,-2264.25,0.6667,430.75,-2264.25
26,TradervR1_lab_r18_04_p_carry_defense_cmaes_pepper_carry_defense,TradervR1_lab_r18_04_p_carry_defense,"pepper_carry_defense,cmaes_refine",289781.5,1739.0,-63.0,461.0,289.0,1877.23,1824.6545,96657.5,17013.5,79644.0,830,96678.0,17371.0,79307.0,813,96446.0,17051.0,79395.0,788,556.25,-2095.5,0.6667,556.25,-2095.5
27,TradervR1_lab_r11_04_p_carry_defense_p_entry_quality,TradervR1_47,"pepper_carry_defense,pepper_entry_quality",289836.5,1794.0,-8.0,522.0,223.0,1958.86,1801.5238,96656.5,17013.5,79643.0,831,96739.0,17371.0,79368.0,814,96441.0,17051.0,79390.0,789,443.3333,-2594.25,0.8333,443.3333,-2594.25
28,TradervR1_lab_r15_02_a_quality_guard_a_local_fair_blend,TradervR1_47,"ash_quality_guard,ash_local_fair_blend",290392.0,2349.5,547.5,703.5,168.5,2582.245,1758.5928,96833.0,17189.0,79644.0,689,96991.0,17623.0,79368.0,676,96568.0,17171.0,79397.0,669,-375.1667,-4978.0,0.6667,-375.1667,-4978.0
29,TradervR1_lab_r02_04_a_local_fair_blend,TradervR1_47_2,ash_local_fair_blend,289699.5,1657.0,-145.0,364.0,359.0,1755.68,1755.68,96493.5,16849.5,79644.0,790,96940.0,17572.0,79368.0,776,96266.0,16869.0,79397.0,756,,,,,
30,TradervR1_lab_r18_03_a_attack_tuning_a_quality_guard,TradervR1_lab_r17_05_a_local_fair_blend,"ash_attack_tuning,ash_quality_guard",289699.0,1656.5,-145.5,284.5,450.5,1720.035,1720.035,96414.0,16770.0,79644.0,839,96952.0,17584.0,79368.0,831,96333.0,16936.0,79397.0,809,,,,,
31,TradervR1_lab_r12_01_a_quality_guard,TradervR1_lab_r11_01_a_quality_guard,ash_quality_guard,289784.5,1742.0,-60.0,497.0,226.0,1897.87,1638.0072,96626.5,16982.5,79644.0,827,96739.0,17371.0,79368.0,814,96419.0,17022.0,79397.0,790,591.1667,-3719.25,0.8333,591.1667,-3719.25
32,TradervR1_lab_r13_03_p_carry_defense_p_entry_quality,TradervR1_47_2,"pepper_carry_defense,pepper_entry_quality",289295.5,1253.0,-549.0,216.0,345.0,1301.0,1635.0155,96345.5,16701.5,79644.0,821,96693.0,17386.0,79307.0,800,96257.0,16867.0,79390.0,786,1400.25,-1509.5,0.8333,1400.25,-1509.5
33,TradervR1_lab_r16_02_p_entry_quality,TradervR1_47,pepper_entry_quality,289828.5,1786.0,-16.0,521.0,222.0,1950.59,1613.6855,96650.5,17013.5,79637.0,830,96739.0,17371.0,79368.0,814,96439.0,17051.0,79388.0,789,309.0,-3488.5,0.8333,309.0,-3488.5
34,TradervR1_lab_r10_02_a_quality_guard_p_entry_quality,TradervR1_47,"ash_quality_guard,pepper_entry_quality",289838.5,1796.0,-6.0,522.0,224.0,1960.78,1612.8878,96657.5,17013.5,79644.0,830,96739.0,17371.0,79368.0,814,96442.0,17051.0,79391.0,788,444.0833,-3917.0,0.6667,444.0833,-3917.0
35,TradervR1_lab_r18_08_p_entry_quality_a_local_fair_blend,TradervR1_lab_r17_05_a_local_fair_blend,"pepper_entry_quality,ash_local_fair_blend",289615.0,1572.5,-229.5,219.5,563.5,1604.245,1604.245,96349.0,16705.0,79644.0,842,97000.0,17632.0,79368.0,829,96266.0,16869.0,79397.0,807,,,,,
36,TradervR1_lab_r16_07_p_carry_defense_cmaes_pepper_carry_defense,TradervR1_lab_r16_07_p_carry_defense,"pepper_carry_defense,cmaes_refine",289836.5,1794.0,-8.0,522.0,223.0,1958.86,1603.5512,96656.5,17013.5,79643.0,831,96739.0,17371.0,79368.0,814,96441.0,17051.0,79390.0,789,122.6667,-3050.5,0.6667,122.6667,-3050.5
37,TradervR1_lab_r07_04_p_entry_quality_a_attack_tuning,TradervR1_47,"pepper_entry_quality,ash_attack_tuning",289525.5,1483.0,-319.0,372.0,302.0,1589.04,1589.04,96501.5,16857.5,79644.0,821,96654.0,17286.0,79368.0,818,96370.0,16973.0,79397.0,791,,,,,
38,TradervR1_lab_r06_06_p_carry_defense,TradervR1_47,pepper_carry_defense,289770.5,1728.0,-74.0,443.0,307.0,1858.49,1579.9778,96664.5,17013.5,79651.0,830,96660.0,17371.0,79289.0,813,96446.0,17051.0,79395.0,788,280.0833,-2914.0,0.6667,280.0833,-2914.0
39,TradervR1_lab_r09_06_p_carry_defense_a_quality_guard,TradervR1_lab_r08_06_a_attack_tuning_a_local_fair_blend,"pepper_carry_defense,ash_quality_guard",289271.5,1229.0,-573.0,192.0,539.0,1253.08,1532.8438,96321.5,16677.5,79644.0,847,96948.0,17641.0,79307.0,829,96002.0,16607.0,79395.0,808,1066.3333,-929.25,0.8333,1066.3333,-929.25
40,TradervR1_lab_r01_08_p_carry_defense_a_quality_guard,TradervR1_47_2,"pepper_carry_defense,ash_quality_guard",289506.5,1464.0,-338.0,270.0,358.0,1529.86,1529.86,96399.5,16763.5,79636.0,824,96845.0,17477.0,79368.0,806,96262.0,16872.0,79390.0,787,,,,,
41,TradervR1_lab_r01_03_p_entry_quality_a_quality_guard,TradervR1_47_2,"pepper_entry_quality,ash_quality_guard",289500.5,1458.0,-344.0,277.0,351.0,1526.87,1526.87,96406.5,16763.5,79643.0,824,96845.0,17477.0,79368.0,806,96249.0,16867.0,79382.0,785,,,,,
42,TradervR1_lab_r18_01_a_quality_guard,TradervR1_lab_r17_07_p_carry_defense_p_entry_quality,ash_quality_guard,289500.5,1458.0,-344.0,277.0,351.0,1526.87,1526.87,96406.5,16763.5,79643.0,824,96845.0,17477.0,79368.0,806,96249.0,16867.0,79382.0,785,,,,,
43,TradervR1_lab_r02_06_p_carry_defense,TradervR1_lab_r01_08_p_carry_defense_a_quality_guard,pepper_carry_defense,289499.5,1457.0,-345.0,264.0,364.0,1520.28,1520.28,96393.5,16763.5,79630.0,823,96845.0,17477.0,79368.0,806,96261.0,16872.0,79389.0,786,,,,,
44,TradervR1_lab_r05_05_a_attack_tuning,TradervR1_47_2,ash_attack_tuning,289445.0,1402.5,-399.5,279.5,285.5,1477.485,1477.485,96409.0,16765.0,79644.0,815,96775.0,17407.0,79368.0,802,96261.0,16864.0,79397.0,782,,,,,
45,TradervR1_lab_r12_07_p_entry_quality,TradervR1_lab_r11_04_p_carry_defense_p_entry_quality,pepper_entry_quality,289837.5,1795.0,-7.0,522.0,224.0,1959.78,1455.3112,96656.5,17013.5,79643.0,831,96739.0,17371.0,79368.0,814,96442.0,17051.0,79391.0,788,24.6667,-3836.5,0.6667,24.6667,-3836.5
46,TradervR1_lab_r12_02_a_attack_tuning_p_entry_quality,TradervR1_47_2,"ash_attack_tuning,pepper_entry_quality",289389.0,1346.5,-455.5,295.5,253.5,1429.645,1429.645,96425.0,16781.0,79644.0,817,96766.0,17398.0,79368.0,801,96198.0,16801.0,79397.0,783,,,,,
47,TradervR1_lab_r04_07_a_quality_guard,TradervR1_lab_r03_03_a_local_fair_blend_p_entry_quality,ash_quality_guard,289464.5,1422.0,-380.0,304.0,281.0,1505.92,1388.0805,96433.5,16796.5,79637.0,809,96750.0,17382.0,79368.0,799,96281.0,16886.0,79395.0,773,470.0,-2175.75,0.8333,470.0,-2175.75
48,TradervR1_lab_r02_01_a_attack_tuning_p_carry_defense,TradervR1_47,"ash_attack_tuning,pepper_carry_defense",289323.5,1281.0,-521.0,317.0,195.0,1376.35,1376.35,96446.5,16802.5,79644.0,828,96729.0,17361.0,79368.0,810,96148.0,16751.0,79397.0,786,,,,,
49,TradervR1_lab_r11_03_p_entry_quality,TradervR1_47_2,pepper_entry_quality,289363.5,1321.0,-481.0,216.0,352.0,1368.44,1368.44,96345.5,16701.5,79644.0,821,96754.0,17386.0,79368.0,800,96264.0,16867.0,79397.0,786,,,,,
50,TradervR1_lab_r17_07_p_carry_defense_p_entry_quality,TradervR1_47_2,"pepper_carry_defense,pepper_entry_quality",289347.5,1305.0,-497.0,215.0,338.0,1353.21,1353.21,96344.5,16701.5,79643.0,822,96754.0,17386.0,79368.0,800,96249.0,16867.0,79382.0,785,,,,,
51,TradervR1_lab_r06_04_p_carry_defense_p_entry_quality,TradervR1_47_2,"pepper_carry_defense,pepper_entry_quality",289331.5,1289.0,-513.0,207.0,343.0,1334.01,1334.01,96336.5,16701.5,79635.0,822,96749.0,17386.0,79363.0,799,96246.0,16867.0,79379.0,786,,,,,
52,TradervR1_lab_r17_04_p_entry_quality,TradervR1_47_2,pepper_entry_quality,289356.5,1314.0,-488.0,216.0,345.0,1362.0,1312.0972,96345.5,16701.5,79644.0,821,96754.0,17386.0,79368.0,800,96257.0,16867.0,79390.0,786,428.1667,-1509.25,0.8333,428.1667,-1509.25
53,TradervR1_lab_r05_02_p_carry_defense,TradervR1_47_2,pepper_carry_defense,289293.5,1251.0,-551.0,209.0,357.0,1295.59,1295.59,96338.5,16701.5,79637.0,821,96693.0,17386.0,79307.0,799,96262.0,16867.0,79395.0,785,,,,,
54,TradervR1_lab_r05_06_a_attack_tuning_p_entry_quality_p_carry_defense,TradervR1_47,"ash_attack_tuning,pepper_entry_quality,pepper_carry_defense",289206.5,1164.0,-638.0,364.0,59.0,1286.68,1286.68,96493.5,16839.5,79654.0,832,96594.0,17269.0,79325.0,815,96119.0,16709.0,79410.0,793,,,,,
55,TradervR1_lab_r06_03_a_quality_guard,TradervR1_lab_r05_05_a_attack_tuning,ash_quality_guard,289265.5,1223.0,-579.0,234.0,271.0,1283.22,1283.22,96363.5,16719.5,79644.0,816,96701.0,17333.0,79368.0,799,96201.0,16804.0,79397.0,782,,,,,
56,TradervR1_lab_r02_08_p_carry_defense_cmaes_pepper_carry_defense,TradervR1_lab_r02_08_p_carry_defense,"pepper_carry_defense,cmaes_refine",289800.5,1758.0,-44.0,487.0,263.0,1907.41,1214.1638,96650.5,17013.5,79637.0,830,96704.0,17371.0,79333.0,814,96446.0,17051.0,79395.0,788,-119.4167,-4793.75,0.8333,-119.4167,-4793.75
57,TradervR1_lab_r01_05_p_carry_defense,TradervR1_47,pepper_carry_defense,289822.5,1780.0,-22.0,461.0,305.0,1916.95,1202.4005,96682.5,17013.5,79669.0,830,96678.0,17371.0,79307.0,813,96462.0,17051.0,79411.0,788,-200.0,-4728.25,0.8333,-200.0,-4728.25
58,TradervR1_lab_r06_06_p_carry_defense_cmaes_pepper_carry_defense,TradervR1_lab_r06_06_p_carry_defense,"pepper_carry_defense,cmaes_refine",289816.5,1774.0,-28.0,463.0,303.0,1911.81,1197.3945,96674.5,17013.5,79661.0,830,96680.0,17371.0,79309.0,813,96462.0,17051.0,79411.0,789,-214.25,-4641.5,0.6667,-214.25,-4641.5
59,TradervR1_lab_r01_01_a_local_fair_blend,TradervR1_39_4,ash_local_fair_blend,289132.5,1090.0,-712.0,275.0,213.0,1169.21,1169.21,96404.5,16760.5,79644.0,577,96705.0,17342.0,79363.0,578,96023.0,16626.0,79397.0,560,,,,,
60,TradervR1_lab_r13_02_p_carry_defense,TradervR1_47,pepper_carry_defense,289813.5,1771.0,-31.0,461.0,296.0,1908.67,1158.7378,96682.5,17013.5,79669.0,830,96678.0,17371.0,79307.0,813,96453.0,17051.0,79402.0,788,-287.9167,-4683.0,0.6667,-287.9167,-4683.0
61,TradervR1_lab_r12_05_a_local_fair_blend_p_entry_quality,TradervR1_47_2,"ash_local_fair_blend,pepper_entry_quality",289042.5,1000.0,-802.0,301.0,77.0,1099.19,1099.19,96507.5,16864.5,79643.0,763,96518.0,17150.0,79368.0,738,96017.0,16620.0,79397.0,719,,,,,
62,TradervR1_lab_r03_03_a_local_fair_blend_p_entry_quality,TradervR1_lab_r02_04_a_local_fair_blend,"ash_local_fair_blend,pepper_entry_quality",289492.5,1450.0,-352.0,303.0,307.0,1531.49,1094.0805,96432.5,16795.5,79637.0,809,96754.0,17386.0,79368.0,799,96306.0,16911.0,79395.0,773,86.0,-3377.25,0.8333,86.0,-3377.25
63,TradervR1_lab_r14_01_a_quality_guard_a_local_fair_blend,TradervR1_34_1,"ash_quality_guard,ash_local_fair_blend",288360.0,317.5,-1484.5,9.0,270.0,299.05,1040.3083,96159.0,16515.0,79644.0,590,96496.0,17128.0,79368.0,590,95705.0,16308.0,79397.0,570,1802.5833,742.75,1.0,1802.5833,742.75
64,TradervR1_lab_r11_01_a_quality_guard,TradervR1_47,ash_quality_guard,289784.5,1742.0,-60.0,497.0,226.0,1897.87,1037.4162,96626.5,16982.5,79644.0,827,96739.0,17371.0,79368.0,814,96419.0,17022.0,79397.0,790,-875.0833,-3778.25,0.6667,-875.0833,-3778.25
65,TradervR1_lab_r15_04_a_quality_guard_a_local_fair_blend_p_carry_defense,TradervR1_lab_r14_01_a_quality_guard_a_local_fair_blend,"ash_quality_guard,ash_local_fair_blend,pepper_carry_defense",289003.0,960.5,-841.5,127.5,304.5,980.765,996.3822,96257.0,16622.0,79635.0,631,96649.0,17286.0,79363.0,615,96097.0,16697.0,79400.0,612,832.4167,-1994.25,0.8333,832.4167,-1994.25
66,TradervR1_lab_r06_02_a_quality_guard_a_local_fair_blend_p_carry_defense,TradervR1_47_2,"ash_quality_guard,ash_local_fair_blend,pepper_carry_defense",289546.0,1503.5,-298.5,366.5,205.5,1615.335,924.1745,96496.0,16859.0,79637.0,750,96782.0,17467.0,79315.0,743,96268.0,16873.0,79395.0,718,-37.0,-4827.25,0.6667,-37.0,-4827.25
67,TradervR1_lab_r17_06_a_quality_guard,TradervR1_lab_r16_07_p_carry_defense,ash_quality_guard,289836.5,1794.0,-8.0,522.0,223.0,1958.86,892.9833,96656.5,17013.5,79643.0,831,96739.0,17371.0,79368.0,814,96441.0,17051.0,79390.0,789,-1598.9167,-3040.5,0.0,-1598.9167,-3040.5
68,TradervR1_lab_r01_04_p_carry_defense,TradervR1_47,pepper_carry_defense,289833.5,1791.0,-11.0,521.0,227.0,1955.19,884.0045,96650.5,17013.5,79637.0,830,96739.0,17371.0,79368.0,814,96444.0,17051.0,79393.0,789,-709.0,-5786.0,0.6667,-709.0,-5786.0
69,TradervR1_lab_r16_08_a_local_fair_blend_a_quality_guard,TradervR1_47,"ash_local_fair_blend,ash_quality_guard",289373.5,1331.0,-471.0,216.0,434.0,1371.88,857.6062,96345.5,16701.5,79644.0,888,96867.0,17499.0,79368.0,879,96161.0,16764.0,79397.0,846,260.1667,-4314.25,0.6667,260.1667,-4314.25
70,TradervR1_lab_r02_07_a_local_fair_blend_p_entry_quality_a_quality_guard,TradervR1_47_2,"ash_local_fair_blend,pepper_entry_quality,ash_quality_guard",290129.0,2086.5,284.5,571.5,270.5,2264.885,758.14,96701.0,17058.0,79643.0,734,97059.0,17691.0,79368.0,723,96369.0,16972.0,79397.0,701,-2154.5,-4606.75,0.0,-2154.5,-4606.75
71,TradervR1_lab_r03_04_a_attack_tuning_a_quality_guard_p_entry_quality,TradervR1_lab_r02_06_p_carry_defense,"ash_attack_tuning,ash_quality_guard,pepper_entry_quality",288801.0,758.5,-1043.5,66.5,302.5,757.575,757.575,96196.0,16560.0,79636.0,818,96586.0,17218.0,79368.0,803,96019.0,16624.0,79395.0,789,,,,,
72,TradervR1_lab_r05_07_p_carry_defense_p_entry_quality,TradervR1_47,"pepper_carry_defense,pepper_entry_quality",289781.5,1739.0,-63.0,461.0,289.0,1877.23,742.8528,96657.5,17013.5,79644.0,830,96678.0,17371.0,79307.0,813,96446.0,17051.0,79395.0,788,-755.1667,-6075.75,0.6667,-755.1667,-6075.75
73,TradervR1_lab_r04_06_a_attack_tuning,TradervR1_lab_r03_04_a_attack_tuning_a_quality_guard_p_entry_quality,ash_attack_tuning,288731.0,688.5,-1113.5,24.5,319.5,671.515,671.515,96154.0,16518.0,79636.0,821,96561.0,17193.0,79368.0,798,96016.0,16621.0,79395.0,789,,,,,
74,TradervR1_lab_r08_06_a_attack_tuning_a_local_fair_blend,TradervR1_47_2,"ash_attack_tuning,ash_local_fair_blend",289125.5,1083.0,-719.0,173.0,429.0,1109.23,660.4095,96302.5,16658.5,79644.0,850,96819.0,17451.0,79368.0,829,96004.0,16607.0,79397.0,809,-44.25,-2835.25,0.6667,-44.25,-2835.25
75,TradervR1_lab_r10_05_p_carry_defense,TradervR1_47_2,pepper_carry_defense,289343.5,1301.0,-501.0,202.0,357.0,1343.14,658.1838,96331.5,16701.5,79630.0,821,96757.0,17386.0,79371.0,800,96255.0,16867.0,79388.0,786,-293.4167,-3976.25,0.8333,-293.4167,-3976.25
76,TradervR1_lab_r18_06_a_attack_tuning_a_local_fair_blend,TradervR1_34_1,"ash_attack_tuning,ash_local_fair_blend",288658.0,615.5,-1186.5,98.5,257.5,629.375,629.375,96228.0,16584.0,79644.0,638,96573.0,17205.0,79368.0,636,95857.0,16460.0,79397.0,615,,,,,
77,TradervR1_lab_r03_02_a_local_fair_blend,TradervR1_lab_r02_03_a_attack_tuning_a_quality_guard,ash_local_fair_blend,288692.5,650.0,-1152.0,-11.0,436.0,611.27,611.27,96118.5,16481.5,79637.0,919,96642.0,17274.0,79368.0,897,95932.0,16542.0,79390.0,885,,,,,
78,TradervR1_lab_r06_05_a_attack_tuning_p_entry_quality,TradervR1_47_2,"ash_attack_tuning,pepper_entry_quality",289393.0,1350.5,-451.5,288.5,260.5,1430.635,588.3128,96418.0,16781.0,79637.0,817,96766.0,17398.0,79368.0,801,96209.0,16812.0,79397.0,783,-531.9167,-4405.5,0.6667,-531.9167,-4405.5
79,TradervR1_lab_r10_03_a_attack_tuning,TradervR1_lab_r09_07_a_local_fair_blend_p_entry_quality,ash_attack_tuning,288632.5,590.0,-1212.0,32.0,279.0,578.88,578.88,96161.5,16517.5,79644.0,842,96528.0,17160.0,79368.0,841,95943.0,16555.0,79388.0,815,,,,,
80,TradervR1_lab_r10_01_a_local_fair_blend,TradervR1_42_O2_1,ash_local_fair_blend,288523.0,480.5,-1321.5,100.5,114.5,506.515,506.515,96230.0,16586.0,79644.0,627,96382.0,17014.0,79368.0,617,95911.0,16514.0,79397.0,608,,,,,
81,TradervR1_lab_r02_05_a_local_fair_blend,TradervR1_42_O2_1,ash_local_fair_blend,288446.0,403.5,-1398.5,-36.5,284.5,367.965,367.965,96093.0,16449.0,79644.0,704,96409.0,17041.0,79368.0,687,95944.0,16547.0,79397.0,669,,,,,
82,TradervR1_lab_r07_06_a_local_fair_blend,TradervR1_lab_r06_03_a_quality_guard,ash_local_fair_blend,288318.0,275.5,-1526.5,-20.5,277.5,246.125,246.125,96109.0,16465.0,79644.0,827,96474.0,17106.0,79368.0,811,95735.0,16338.0,79397.0,788,,,,,
83,TradervR1_lab_r08_04_p_entry_quality_a_attack_tuning,TradervR1_47,"pepper_entry_quality,ash_attack_tuning",289354.5,1312.0,-490.0,325.0,207.0,1409.19,242.7228,96454.5,16810.5,79644.0,830,96749.0,17381.0,79368.0,809,96151.0,16763.0,79388.0,794,-800.9167,-5930.25,0.6667,-800.9167,-5930.25
84,TradervR1_lab_r02_02_a_local_fair_blend,TradervR1_lab_r01_05_p_carry_defense,ash_local_fair_blend,288253.0,210.5,-1591.5,9.0,167.0,200.29,200.29,96155.0,16486.0,79669.0,825,96226.0,16919.0,79307.0,809,95872.0,16461.0,79411.0,772,,,,,
85,TradervR1_lab_r10_07_a_local_fair_blend,TradervR1_39_4,ash_local_fair_blend,288332.0,289.5,-1512.5,-204.5,455.5,181.485,181.485,95925.0,16281.0,79644.0,707,96460.0,17097.0,79363.0,689,95947.0,16550.0,79397.0,668,,,,,
86,TradervR1_lab_r16_04_a_local_fair_blend,TradervR1_34_1,ash_local_fair_blend,288201.5,159.0,-1643.0,-75.0,240.0,113.55,113.55,96054.5,16410.5,79644.0,729,96382.0,17014.0,79368.0,708,95765.0,16368.0,79397.0,693,,,,,
87,TradervR1_lab_r17_02_a_local_fair_blend_a_quality_guard,TradervR1_42_P1_1,"ash_local_fair_blend,ash_quality_guard",288105.0,62.5,-1739.5,-105.5,288.5,2.495,2.495,96024.0,16380.0,79644.0,730,96400.0,17037.0,79363.0,712,95681.0,16284.0,79397.0,687,,,,,
88,TradervR1_lab_r07_08_p_entry_quality,TradervR1_42_P1_1,pepper_entry_quality,288042.5,0.0,-1802.0,0.0,0.0,0.0,0.0,96129.5,16485.5,79644.0,730,96217.0,16849.0,79368.0,708,95696.0,16299.0,79397.0,690,,,,,
89,TradervR1_lab_r13_05_a_quality_guard,TradervR1_34_1,ash_quality_guard,288042.5,0.0,-1802.0,0.0,0.0,0.0,0.0,96129.5,16485.5,79644.0,730,96217.0,16849.0,79368.0,708,95696.0,16299.0,79397.0,690,,,,,
90,TradervR1_lab_r06_08_a_quality_guard_p_entry_quality,TradervR1_42_P1_1,"ash_quality_guard,pepper_entry_quality",288035.5,-7.0,-1809.0,-5.0,5.0,-9.15,-9.15,96129.5,16485.5,79644.0,730,96212.0,16849.0,79363.0,707,95694.0,16299.0,79395.0,690,,,,,
91,TradervR1_lab_r13_01_p_carry_defense,TradervR1_34_1,pepper_carry_defense,288033.5,-9.0,-1811.0,-7.0,7.0,-12.01,-12.01,96122.5,16485.5,79637.0,730,96217.0,16849.0,79368.0,708,95694.0,16299.0,79395.0,690,,,,,
92,TradervR1_lab_r03_06_p_entry_quality,TradervR1_34_1,pepper_entry_quality,288032.5,-10.0,-1812.0,-8.0,8.0,-13.44,-13.44,96121.5,16485.5,79636.0,731,96217.0,16849.0,79368.0,708,95694.0,16299.0,79395.0,690,,,,,
93,TradervR1_lab_r06_01_p_entry_quality,TradervR1_42_P1_1,pepper_entry_quality,288021.5,-21.0,-1823.0,-14.0,14.0,-27.02,-27.02,96129.5,16485.5,79644.0,730,96210.0,16849.0,79361.0,708,95682.0,16299.0,79383.0,690,,,,,
94,TradervR1_lab_r13_08_p_carry_defense,TradervR1_42_P1_1,pepper_carry_defense,288013.5,-29.0,-1831.0,-18.0,17.0,-36.66,-36.66,96119.5,16485.5,79634.0,731,96216.0,16849.0,79367.0,708,95678.0,16299.0,79379.0,690,,,,,
95,TradervR1_lab_r08_02_p_carry_defense,TradervR1_34_1,pepper_carry_defense,288023.5,-19.0,-1821.0,-43.0,57.0,-38.61,-38.61,96139.5,16485.5,79654.0,730,96174.0,16849.0,79325.0,708,95710.0,16299.0,79411.0,690,,,,,
96,TradervR1_lab_r14_06_p_entry_quality,TradervR1_42_O2_1,pepper_entry_quality,288015.5,-27.0,-1829.0,-27.0,27.0,-38.61,-38.61,96102.5,16458.5,79644.0,725,96217.0,16849.0,79368.0,708,95696.0,16299.0,79397.0,690,,,,,
97,TradervR1_lab_r01_07_p_entry_quality,TradervR1_42_O2_1,pepper_entry_quality,288008.5,-34.0,-1836.0,-27.0,27.0,-45.61,-45.61,96102.5,16458.5,79644.0,725,96217.0,16849.0,79368.0,708,95689.0,16299.0,79390.0,690,,,,,
98,TradervR1_lab_r08_05_p_entry_quality,TradervR1_42_O2_1,pepper_entry_quality,288008.5,-34.0,-1836.0,-27.0,29.0,-45.77,-45.77,96102.5,16458.5,79644.0,725,96219.0,16849.0,79370.0,708,95687.0,16299.0,79388.0,690,,,,,
99,TradervR1_lab_r18_02_p_carry_defense,TradervR1_42_O2_1,pepper_carry_defense,287999.5,-43.0,-1845.0,-28.0,28.0,-55.04,-55.04,96101.5,16458.5,79643.0,726,96217.0,16849.0,79368.0,708,95681.0,16299.0,79382.0,689,,,,,
100,TradervR1_lab_r16_05_p_carry_defense,TradervR1_42_O2_1,pepper_carry_defense,288004.5,-38.0,-1840.0,-43.0,46.0,-56.73,-56.73,96086.5,16458.5,79628.0,726,96219.0,16849.0,79370.0,708,95699.0,16299.0,79400.0,689,,,,,
101,TradervR1_lab_r05_04_p_carry_defense,TradervR1_42_O2_1,pepper_carry_defense,287999.5,-43.0,-1845.0,-34.0,34.0,-57.62,-57.62,96095.5,16458.5,79637.0,725,96217.0,16849.0,79368.0,708,95687.0,16299.0,79388.0,690,,,,,
102,TradervR1_lab_r15_05_a_quality_guard_p_carry_defense,TradervR1_34_1,"ash_quality_guard,pepper_carry_defense",287987.5,-55.0,-1857.0,-32.0,24.0,-68.12,-68.12,96121.5,16485.5,79636.0,731,96185.0,16817.0,79368.0,708,95681.0,16299.0,79382.0,689,,,,,
103,TradervR1_lab_r13_04_p_entry_quality_p_carry_defense,TradervR1_42_O2_1,"pepper_entry_quality,pepper_carry_defense",287987.5,-55.0,-1857.0,-37.0,33.0,-70.59,-70.59,96092.5,16458.5,79634.0,726,96213.0,16849.0,79364.0,708,95682.0,16299.0,79383.0,690,,,,,
104,TradervR1_lab_r01_02_a_local_fair_blend,TradervR1_42_P1_1,ash_local_fair_blend,288064.0,21.5,-1780.5,-205.5,353.5,-78.705,-78.705,95924.0,16280.0,79644.0,779,96296.0,16933.0,79363.0,754,95844.0,16447.0,79397.0,737,,,,,
105,TradervR1_lab_r11_06_a_attack_tuning_a_local_fair_blend,TradervR1_34_1,"ash_attack_tuning,ash_local_fair_blend",288004.5,-38.0,-1840.0,-80.0,191.0,-81.28,-81.28,96049.5,16405.5,79644.0,793,96148.0,16780.0,79368.0,756,95807.0,16410.0,79397.0,748,,,,,
106,TradervR1_lab_r04_03_p_carry_defense_p_entry_quality_a_local_fair_blend,TradervR1_42_P1_1,"pepper_carry_defense,pepper_entry_quality,ash_local_fair_blend",287975.0,-67.5,-1869.5,-99.0,143.5,-113.63,-113.63,96174.0,16512.0,79662.0,686,96204.0,16895.0,79309.0,657,95597.0,16193.0,79404.0,652,,,,,
107,TradervR1_lab_r14_03_p_entry_quality_p_carry_defense,TradervR1_42_O2_1,"pepper_entry_quality,pepper_carry_defense",287952.5,-90.0,-1892.0,-61.0,59.0,-116.07,-116.07,96102.5,16458.5,79644.0,725,96156.0,16849.0,79307.0,707,95694.0,16299.0,79395.0,689,,,,,
108,TradervR1_lab_r04_04_a_quality_guard_a_attack_tuning,TradervR1_42_O2_1,"ash_quality_guard,ash_attack_tuning",287975.5,-67.0,-1869.0,-165.0,259.0,-145.47,-145.47,95964.5,16320.5,79644.0,791,96311.0,16943.0,79368.0,770,95700.0,16303.0,79397.0,760,,,,,
109,TradervR1_lab_r12_03_p_entry_quality_a_attack_tuning,TradervR1_42_O2_1,"pepper_entry_quality,ash_attack_tuning",287959.0,-83.5,-1885.5,-135.5,197.5,-146.725,-146.725,95994.0,16350.0,79644.0,691,96279.0,16911.0,79368.0,672,95686.0,16289.0,79397.0,649,,,,,
110,TradervR1_lab_r04_02_a_attack_tuning,TradervR1_lab_r03_03_a_local_fair_blend_p_entry_quality,ash_attack_tuning,289209.0,1166.5,-635.5,156.5,450.5,1185.235,-151.2972,96286.0,16649.0,79637.0,812,96824.0,17456.0,79368.0,792,96099.0,16704.0,79395.0,779,-1116.9167,-6159.0,0.6667,-1116.9167,-6159.0
111,TradervR1_lab_r14_02_a_quality_guard,TradervR1_34_1,ash_quality_guard,287863.5,-179.0,-1981.0,-76.0,44.0,-209.12,-209.12,96058.5,16414.5,79644.0,728,96185.0,16817.0,79368.0,708,95620.0,16223.0,79397.0,688,,,,,
112,TradervR1_lab_r14_05_p_entry_quality_a_quality_guard,TradervR1_lab_r13_01_p_carry_defense,"pepper_entry_quality,ash_quality_guard",287855.5,-187.0,-1989.0,-84.0,52.0,-220.56,-220.56,96058.5,16414.5,79644.0,728,96185.0,16817.0,79368.0,708,95612.0,16223.0,79389.0,687,,,,,
113,TradervR1_lab_r05_08_a_quality_guard_p_carry_defense,TradervR1_42_P1_1,"ash_quality_guard,pepper_carry_defense",287846.5,-196.0,-1998.0,-78.0,27.0,-225.46,-225.46,96078.5,16441.5,79637.0,730,96150.0,16817.0,79333.0,708,95618.0,16223.0,79395.0,687,,,,,
114,TradervR1_lab_r03_07_p_entry_quality_a_quality_guard,TradervR1_42_O2_1,"pepper_entry_quality,ash_quality_guard",287821.5,-221.0,-2023.0,-98.0,66.0,-260.58,-260.58,96031.5,16387.5,79644.0,723,96185.0,16817.0,79368.0,708,95605.0,16223.0,79382.0,687,,,,,
115,TradervR1_lab_r10_04_p_entry_quality,TradervR1_39_4,pepper_entry_quality,287840.5,-202.0,-2004.0,-153.0,153.0,-267.79,-267.79,95976.5,16332.5,79644.0,722,96168.0,16803.0,79365.0,707,95696.0,16299.0,79397.0,690,,,,,
116,TradervR1_lab_r08_01_p_carry_defense,TradervR1_39_4,pepper_carry_defense,287835.5,-207.0,-2009.0,-154.0,148.0,-272.74,-272.74,95975.5,16332.5,79643.0,723,96170.0,16803.0,79367.0,707,95690.0,16299.0,79391.0,690,,,,,
117,TradervR1_lab_r09_04_p_entry_quality,TradervR1_39_4,pepper_entry_quality,287831.5,-211.0,-2013.0,-153.0,146.0,-276.23,-276.23,95976.5,16332.5,79644.0,722,96166.0,16803.0,79363.0,706,95689.0,16299.0,79390.0,690,,,,,
118,TradervR1_lab_r15_01_p_carry_defense,TradervR1_39_4,pepper_carry_defense,287823.5,-219.0,-2021.0,-161.0,154.0,-287.67,-287.67,95968.5,16332.5,79636.0,723,96166.0,16803.0,79363.0,706,95689.0,16299.0,79390.0,690,,,,,
119,TradervR1_lab_r15_08_p_entry_quality,TradervR1_39_4,pepper_entry_quality,287817.5,-225.0,-2027.0,-160.0,146.0,-292.68,-292.68,95969.5,16332.5,79637.0,722,96166.0,16803.0,79363.0,706,95682.0,16299.0,79383.0,690,,,,,
120,TradervR1_lab_r03_01_a_local_fair_blend,TradervR1_47,ash_local_fair_blend,289117.0,1074.5,-727.5,174.5,329.5,1109.215,-317.3755,96304.0,16660.0,79644.0,873,96613.0,17245.0,79368.0,862,96200.0,16803.0,79397.0,838,-1199.5,-6513.75,0.6667,-1199.5,-6513.75
121,TradervR1_lab_r17_01_a_attack_tuning,TradervR1_39_4,ash_attack_tuning,287771.5,-271.0,-2073.0,-163.0,178.0,-342.29,-342.29,95966.5,16322.5,79644.0,648,96232.0,16869.0,79363.0,634,95573.0,16176.0,79397.0,616,,,,,
122,TradervR1_lab_r04_08_a_local_fair_blend_a_quality_guard,TradervR1_42_O2_1,"ash_local_fair_blend,ash_quality_guard",287770.5,-272.0,-2074.0,-270.0,373.0,-396.34,-396.34,95859.5,16215.5,79644.0,619,96320.0,16952.0,79368.0,625,95591.0,16194.0,79397.0,600,,,,,
123,TradervR1_lab_r14_07_a_local_fair_blend,TradervR1_42_P1_1,ash_local_fair_blend,287768.5,-274.0,-2076.0,-275.0,393.0,-401.69,-401.69,95854.5,16210.5,79644.0,735,96335.0,16972.0,79363.0,714,95579.0,16182.0,79397.0,690,,,,,
124,TradervR1_lab_r14_01_a_quality_guard_a_local_fair_blend_cmaes_ash_quality_guard,TradervR1_lab_r14_01_a_quality_guard_a_local_fair_blend,"ash_quality_guard,cmaes_refine",288360.0,317.5,-1484.5,9.0,270.0,299.05,-432.4722,96159.0,16515.0,79644.0,590,96496.0,17128.0,79368.0,590,95705.0,16308.0,79397.0,570,-386.4167,-3439.5,0.6667,-386.4167,-3439.5
125,TradervR1_lab_r15_03_a_quality_guard_a_local_fair_blend,TradervR1_39_4,"ash_quality_guard,ash_local_fair_blend",287725.0,-317.5,-2119.5,-300.0,428.0,-456.74,-456.74,95984.0,16340.0,79644.0,693,96345.0,16982.0,79363.0,665,95396.0,15999.0,79397.0,647,,,,,
126,TradervR1_lab_r07_07_a_quality_guard_p_entry_quality,TradervR1_39_4,"ash_quality_guard,pepper_entry_quality",287675.5,-367.0,-2169.0,-224.0,157.0,-457.96,-457.96,95905.5,16261.5,79644.0,720,96150.0,16787.0,79363.0,707,95620.0,16223.0,79397.0,688,,,,,
127,TradervR1_lab_r17_08_a_attack_tuning_p_entry_quality_p_carry_defense,TradervR1_34_1,"ash_attack_tuning,pepper_entry_quality,pepper_carry_defense",287631.0,-411.5,-2213.5,-164.5,58.5,-473.755,-473.755,95965.0,16321.0,79644.0,797,96076.0,16708.0,79368.0,767,95590.0,16193.0,79397.0,765,,,,,
128,TradervR1_lab_r09_03_a_quality_guard_p_carry_defense,TradervR1_39_4,"ash_quality_guard,pepper_carry_defense",287645.5,-397.0,-2199.0,-219.0,133.0,-484.29,-484.29,95910.5,16288.5,79622.0,723,96131.0,16787.0,79344.0,708,95604.0,16223.0,79381.0,688,,,,,
129,TradervR1_lab_r11_05_a_local_fair_blend,TradervR1_42_P1_1,ash_local_fair_blend,287650.5,-392.0,-2194.0,-266.0,251.0,-505.18,-505.18,95863.5,16219.5,79644.0,727,96202.0,16839.0,79363.0,694,95585.0,16188.0,79397.0,677,,,,,
130,TradervR1_lab_r14_04_a_local_fair_blend,TradervR1_42_P1_1,ash_local_fair_blend,288252.0,209.5,-1592.5,-28.5,148.5,187.645,-603.7255,96101.0,16457.0,79644.0,688,96335.0,16972.0,79363.0,666,95816.0,16419.0,79397.0,653,-606.75,-3175.75,0.6667,-606.75,-3175.75
131,TradervR1_lab_r08_08_a_attack_tuning,TradervR1_42_P1_1,ash_attack_tuning,287550.0,-492.5,-2294.5,-313.5,259.5,-622.985,-622.985,95816.0,16172.0,79644.0,803,96163.0,16800.0,79363.0,778,95571.0,16174.0,79397.0,775,,,,,
132,TradervR1_lab_r16_01_a_attack_tuning_p_carry_defense,TradervR1_lab_r15_05_a_quality_guard_p_carry_defense,"ash_attack_tuning,pepper_carry_defense",287513.5,-529.0,-2331.0,-315.0,221.0,-656.93,-656.93,95814.5,16203.5,79611.0,824,96097.0,16744.0,79353.0,796,95602.0,16221.0,79381.0,790,,,,,
133,TradervR1_lab_r11_07_p_entry_quality_a_attack_tuning,TradervR1_39_4,"pepper_entry_quality,ash_attack_tuning",287523.0,-519.5,-2321.5,-378.5,362.5,-680.975,-680.975,95751.0,16114.0,79637.0,677,96201.0,16836.0,79365.0,663,95571.0,16183.0,79388.0,635,,,,,
134,TradervR1_lab_r16_03_a_attack_tuning,TradervR1_34_1,ash_attack_tuning,287450.5,-592.0,-2394.0,-244.0,112.0,-686.36,-686.36,95913.5,16269.5,79644.0,824,96085.0,16717.0,79368.0,797,95452.0,16055.0,79397.0,793,,,,,
135,TradervR1_lab_r09_07_a_local_fair_blend_p_entry_quality,TradervR1_47_2,"ash_local_fair_blend,pepper_entry_quality",288793.5,751.0,-1051.0,7.0,405.0,721.05,-713.8388,96136.5,16492.5,79644.0,846,96629.0,17261.0,79368.0,840,96028.0,16640.0,79388.0,812,-1163.3333,-6491.5,0.6667,-1163.3333,-6491.5
136,TradervR1_lab_r12_08_a_quality_guard_a_local_fair_blend,TradervR1_47_2,"ash_quality_guard,ash_local_fair_blend",287485.0,-557.5,-2359.5,-371.5,369.5,-717.085,-717.085,95758.0,16114.0,79644.0,902,96215.0,16847.0,79368.0,889,95512.0,16115.0,79397.0,857,,,,,
137,TradervR1_lab_r09_05_a_local_fair_blend_p_carry_defense,TradervR1_39_4,"ash_local_fair_blend,pepper_carry_defense",287456.5,-586.0,-2388.0,-364.0,269.0,-734.92,-734.92,95765.5,16121.5,79644.0,703,96122.0,16759.0,79363.0,680,95569.0,16180.0,79389.0,662,,,,,
138,TradervR1_lab_r15_06_p_entry_quality_p_carry_defense,TradervR1_42_P1_1,"pepper_entry_quality,pepper_carry_defense",288024.5,-18.0,-1820.0,-19.0,21.0,-26.33,-764.425,96128.5,16485.5,79643.0,731,96219.0,16849.0,79370.0,708,95677.0,16299.0,79378.0,690,-622.25,-2579.25,0.5,-622.25,-2579.25
139,TradervR1_lab_r09_02_a_quality_guard_a_local_fair_blend,TradervR1_34_1,"ash_quality_guard,ash_local_fair_blend",287424.0,-618.5,-2420.5,-408.5,343.5,-788.955,-788.955,95721.0,16077.0,79644.0,792,96152.0,16784.0,79368.0,762,95551.0,16154.0,79397.0,744,,,,,
140,TradervR1_lab_r15_07_p_entry_quality_a_local_fair_blend_a_quality_guard,TradervR1_lab_r14_01_a_quality_guard_a_local_fair_blend,"pepper_entry_quality,ash_local_fair_blend,ash_quality_guard",287400.0,-642.5,-2444.5,-384.0,416.0,-810.18,-810.18,95839.0,16195.0,79644.0,532,96249.0,16881.0,79368.0,550,95312.0,15915.0,79397.0,522,,,,,
141,TradervR1_lab_r13_06_a_quality_guard_a_attack_tuning,TradervR1_34_1,"ash_quality_guard,ash_attack_tuning",287302.5,-740.0,-2542.0,-291.0,87.0,-848.81,-848.81,95884.5,16240.5,79644.0,816,96013.0,16645.0,79368.0,794,95405.0,16008.0,79397.0,777,,,,,
142,TradervR1_lab_r09_08_a_local_fair_blend,TradervR1_42_O2_1,ash_local_fair_blend,287303.0,-739.5,-2541.5,-345.5,192.5,-875.825,-875.825,95784.0,16140.0,79644.0,770,96064.0,16696.0,79368.0,746,95455.0,16058.0,79397.0,731,,,,,
143,TradervR1_lab_r17_03_p_entry_quality_a_attack_tuning,TradervR1_42_P1_1,"pepper_entry_quality,ash_attack_tuning",287260.5,-782.0,-2584.0,-324.0,166.0,-908.68,-908.68,95829.5,16185.5,79644.0,822,96059.0,16696.0,79363.0,800,95372.0,15982.0,79390.0,794,,,,,
144,TradervR1_lab_r04_05_a_attack_tuning,TradervR1_42_O2_1,ash_attack_tuning,287079.5,-963.0,-2765.0,-338.0,41.0,-1084.58,-1084.58,95801.5,16157.5,79644.0,830,95879.0,16511.0,79368.0,799,95399.0,16002.0,79397.0,793,,,,,
145,TradervR1_lab_r13_07_a_local_fair_blend,TradervR1_34_1,ash_local_fair_blend,288674.0,631.5,-1170.5,177.0,50.5,689.41,-1120.3272,96357.0,16713.0,79644.0,669,96444.0,17076.0,79368.0,658,95873.0,16476.0,79397.0,632,-1695.6667,-7579.75,0.6667,-1695.6667,-7579.75
146,TradervR1_lab_r11_08_a_quality_guard_a_local_fair_blend,TradervR1_39_4,"ash_quality_guard,ash_local_fair_blend",287102.0,-940.5,-2742.5,-544.5,395.5,-1162.715,-1162.715,95585.0,15941.0,79644.0,738,96068.0,16705.0,79363.0,708,95449.0,16052.0,79397.0,700,,,,,
147,TradervR1_lab_r14_08_a_attack_tuning_p_carry_defense,TradervR1_47_2,"ash_attack_tuning,pepper_carry_defense",288621.0,578.5,-1223.5,18.5,298.5,561.095,-1216.1162,96148.0,16512.0,79636.0,823,96534.0,17166.0,79368.0,801,95939.0,16557.0,79382.0,788,-1681.4167,-7399.5,0.8333,-1681.4167,-7399.5
148,TradervR1_lab_r06_07_a_local_fair_blend_p_entry_quality,TradervR1_42_P1_1,"ash_local_fair_blend,pepper_entry_quality",286980.0,-1062.5,-2864.5,-472.5,272.5,-1249.675,-1249.675,95657.0,16013.0,79644.0,770,96017.0,16652.0,79365.0,752,95306.0,15918.0,79388.0,721,,,,,
149,TradervR1_lab_r10_06_a_local_fair_blend,TradervR1_lab_r09_04_p_entry_quality,ash_local_fair_blend,286928.0,-1114.5,-2916.5,-512.5,292.5,-1317.275,-1317.275,95617.0,15973.0,79644.0,813,95997.0,16634.0,79363.0,781,95314.0,15924.0,79390.0,775,,,,,
150,TradervR1_lab_r09_01_a_quality_guard_p_carry_defense,TradervR1_42_P1_1,"ash_quality_guard,pepper_carry_defense",287884.5,-158.0,-1960.0,-83.0,53.0,-191.29,-1678.8322,96084.5,16441.5,79643.0,731,96187.0,16817.0,79370.0,708,95613.0,16223.0,79390.0,688,-1333.6667,-5861.5,0.6667,-1333.6667,-5861.5
151,TradervR1_lab_r16_06_a_local_fair_blend,TradervR1_42_O2_1,ash_local_fair_blend,286532.0,-1510.5,-3312.5,-543.0,73.0,-1706.39,-1706.39,95632.0,15988.0,79644.0,808,95747.0,16379.0,79368.0,782,95153.0,15756.0,79397.0,762,,,,,
152,TradervR1_lab_r03_05_p_entry_quality_a_local_fair_blend,TradervR1_lab_r02_03_a_attack_tuning_a_quality_guard,"pepper_entry_quality,ash_local_fair_blend",286479.5,-1563.0,-3365.0,-731.0,324.0,-1844.77,-1844.77,95398.5,15761.5,79637.0,961,95810.0,16442.0,79368.0,930,95271.0,15874.0,79397.0,903,,,,,
153,TradervR1_lab_r08_03_a_local_fair_blend_a_attack_tuning,TradervR1_34_1,"ash_local_fair_blend,ash_attack_tuning",285125.0,-2917.5,-4719.5,-1019.5,76.5,-3280.445,-3280.445,95110.0,15466.0,79644.0,909,95274.0,15906.0,79368.0,895,94741.0,15344.0,79397.0,874,,,,,
