scenario,prob,mean_pnl,p05_pnl,p01_pnl,count
final_35_40,0.07423,-984.3799210180076,-2905.8320771391554,-3410.7041912492177,7423
final_50_60,0.08765,-675.7214483288784,-1216.6802558308475,-1299.7400850654153,8765
final_40_45,0.06472,-570.7214698862737,-1581.1064713809828,-1895.4146047685072,6472
final_45_50,0.05548,-557.3469125629105,-1073.7025750910236,-1144.6285091067623,5548
chooser_call,0.38413,224.62537315547462,-1229.091483107167,-2594.2973033087133,38413
ko_barrier_hit,0.6937,354.1427538768119,-1005.3018274452161,-1195.9576655661112,69370
chooser_put,0.61587,388.71818416097403,-1033.9722170076693,-1299.9321465522078,61587
final_above_60,0.2704,557.0365046200002,-1070.6721606697968,-1242.5663095896089,27040
final_below_35,0.44752,838.4401781895923,-577.9099474399861,-874.218217133168,44752
