run_id,mean,median,std,score_std_100,score_std_100_sims,mean_ci95_100_sims,p_loss,p05,p01,worst,best,score_p05_10,score_p05_25,score,score_aggressive,score_balanced,score_safe,score_mean_only,positions,AC,AC_45_KO,AC_40_BP,AC_50_CO,AC_50_C_2,AC_50_P_2,AC_35_P,AC_40_P,AC_45_P,AC_50_P,AC_50_C,AC_60_C
91226,260.7296668114719,14.787194863567606,1260.30545389426,126.030545389426,126.030545389426,252.061090778852,0.5,-1053.2245246953287,-2421.0838516929934,-3033.3629370411063,11862.193266288068,155.40721434193898,-2.576464362360298,39.73071541245957,176.56080422934892,39.73071541245957,-128.60700975178628,260.7296668114719,"{""AC"": -50, ""AC_35_P"": 50, ""AC_40_BP"": -50, ""AC_45_KO"": -240, ""AC_50_C"": 45, ""AC_50_CO"": -18, ""AC_50_C_2"": 30, ""AC_50_P_2"": 40, ""AC_60_C"": 38}",-50,-240,-50,-18,30,40,50,0,0,0,45,38
107902,253.39830601408454,-11.121913873462063,1218.878329829132,121.88783298291321,121.88783298291321,243.77566596582642,0.502,-1024.9994770220412,-2303.0452957929506,-2872.4587746190714,11581.343929400817,150.89835831188043,-2.8515632414257652,38.70446796932177,171.67637391725418,38.70446796932177,-124.73939622433898,253.39830601408454,"{""AC"": -55, ""AC_35_P"": 49, ""AC_40_BP"": -46, ""AC_45_KO"": -230, ""AC_50_C"": 50, ""AC_50_CO"": -22, ""AC_50_C_2"": 32, ""AC_50_P_2"": 34, ""AC_60_C"": 40}",-55,-230,-46,-22,32,34,49,0,0,0,50,40
149435,231.66354060733048,-17.201172926511433,1095.4945229793727,109.54945229793728,109.54945229793728,219.09890459587456,0.506,-922.0711701481588,-2297.6596204254442,-2889.4807357945024,9295.46654281556,139.4564235925146,1.1457480702907787,38.57813893613802,158.17261902543822,38.57813893613802,-108.4037042276465,231.66354060733048,"{""AC"": -50, ""AC_35_P"": 50, ""AC_40_BP"": -50, ""AC_45_KO"": -240, ""AC_50_C"": 48, ""AC_50_CO"": -20, ""AC_50_C_2"": 22, ""AC_50_P_2"": 34, ""AC_60_C"": 35}",-50,-240,-50,-20,22,34,50,0,0,0,48,35
123450,261.41629004723615,-16.171240532306683,1194.3961562291381,119.4396156229138,119.4396156229138,238.8792312458276,0.508,-1088.9486603717792,-2197.676124900839,-2749.4084367785335,8519.237742798487,152.52142401005824,-10.820875045708647,38.354183180012384,177.10895312291873,38.354183180012384,-130.26049066862245,261.41629004723615,"{""AC"": -60, ""AC_35_P"": 50, ""AC_40_BP"": -46, ""AC_45_KO"": -220, ""AC_50_C"": 47, ""AC_50_CO"": -22, ""AC_50_C_2"": 34, ""AC_50_P_2"": 38, ""AC_60_C"": 39}",-60,-220,-46,-22,34,38,50,0,0,0,47,39
102453,263.07306428351495,-10.201511435240604,1267.4838058756527,126.74838058756526,126.74838058756526,253.49676117513053,0.504,-1078.5529801423513,-2392.7824587655996,-2966.4078395961274,11568.393929400812,155.21776626927982,-6.565180752072877,37.91592696837962,177.45832012950606,37.91592696837962,-133.31356133963814,263.07306428351495,"{""AC"": -55, ""AC_35_P"": 50, ""AC_40_BP"": -48, ""AC_45_KO"": -240, ""AC_50_C"": 50, ""AC_50_CO"": -16, ""AC_50_C_2"": 32, ""AC_50_P_2"": 34, ""AC_60_C"": 34}",-55,-240,-48,-16,32,34,50,0,0,0,50,34
103327,275.1378586543,7.8895300429256086,1363.3884235098224,136.33884235098225,136.33884235098225,272.6776847019645,0.496,-1127.818138548817,-2661.509345258409,-3330.4568593919685,13017.93036135197,162.35604479941827,-6.816675982904258,37.79571669648632,184.66224113911358,37.79571669648632,-143.1555183338865,275.1378586543,"{""AC"": -50, ""AC_35_P"": 50, ""AC_40_BP"": -50, ""AC_45_KO"": -270, ""AC_50_C"": 47, ""AC_50_CO"": -14, ""AC_50_C_2"": 38, ""AC_50_P_2"": 40, ""AC_60_C"": 30}",-50,-270,-50,-14,38,40,50,0,0,0,47,30
104441,242.88587395945618,-10.489475769873195,1161.9646708278458,116.19646708278458,116.19646708278458,232.39293416556916,0.502,-980.2090809552042,-2313.1329141784377,-2923.1766578621873,10173.082497449657,144.86496586393577,-2.166396279344866,37.756278274783256,164.8263031409998,37.756278274783256,-118.36286336212945,242.88587395945618,"{""AC"": -45, ""AC_35_P"": 50, ""AC_40_BP"": -46, ""AC_45_KO"": -240, ""AC_50_C"": 34, ""AC_50_CO"": -16, ""AC_50_C_2"": 26, ""AC_50_P_2"": 38, ""AC_60_C"": 40}",-45,-240,-46,-16,26,38,50,0,0,0,34,40
117403,253.55463382852588,23.73077174323066,1257.0974367444508,125.70974367444508,125.70974367444508,251.41948734889016,0.49,-1021.5899265195579,-2937.7782685409775,-3746.666665269123,11058.097185411407,151.39564117657008,-1.8428478013636038,37.461273013369656,171.04770158393669,37.461273013369656,-127.55259147580868,253.55463382852588,"{""AC"": -45, ""AC_35_P"": 50, ""AC_40_BP"": -50, ""AC_45_KO"": -330, ""AC_50_C"": 49, ""AC_50_CO"": -14, ""AC_50_C_2"": 34, ""AC_50_P_2"": 40, ""AC_60_C"": 20}",-45,-330,-50,-14,34,40,50,0,0,0,49,20
64212,239.9305423876013,0.21375268587752316,1165.8082527943925,116.58082527943925,116.58082527943925,233.1616505588785,0.5,-961.4689150273467,-2453.5736366542296,-3047.546196990538,10119.481230777306,143.78365088486663,-0.43668636923538884,37.419792493779674,162.71189031637414,37.419792493779674,-117.01751164867464,239.9305423876013,"{""AC"": -50, ""AC_35_P"": 50, ""AC_40_BP"": -50, ""AC_45_KO"": -260, ""AC_50_C"": 50, ""AC_50_CO"": -12, ""AC_50_C_2"": 30, ""AC_50_P_2"": 28, ""AC_60_C"": 22}",-50,-260,-50,-12,30,28,50,0,0,0,50,22
141660,261.8519465769993,-65.38755318908932,1213.232358966609,121.32323589666089,121.32323589666089,242.64647179332178,0.514,-1092.4108730047253,-2287.933356700861,-2837.3858784206964,9337.382557002791,152.61085927652675,-11.250771674182033,37.328697677960065,176.9005939525978,37.328697677960065,-132.57400757084292,261.8519465769993,"{""AC"": -60, ""AC_35_P"": 50, ""AC_40_BP"": -50, ""AC_45_KO"": -230, ""AC_50_C"": 50, ""AC_50_CO"": -18, ""AC_50_C_2"": 34, ""AC_50_P_2"": 34, ""AC_60_C"": 34}",-60,-230,-50,-18,34,34,50,0,0,0,50,34
148098,257.34890973078063,-48.82013224991783,1214.2327738952347,121.42327738952346,121.42327738952346,242.84655477904693,0.51,-1062.116586687861,-2338.568570483721,-2914.4326058403913,10553.277974766712,151.13725106199453,-8.180236941184603,37.319783032839766,173.88726104900672,37.319783032839766,-129.60351433070807,257.34890973078063,"{""AC"": -60, ""AC_35_P"": 50, ""AC_40_BP"": -50, ""AC_45_KO"": -240, ""AC_50_C"": 50, ""AC_50_CO"": -22, ""AC_50_C_2"": 28, ""AC_50_P_2"": 34, ""AC_60_C"": 45}",-60,-240,-50,-22,28,34,50,0,0,0,50,45
4198,214.63338926584407,-6.942918523920241,1072.5642873519741,107.25642873519742,107.25642873519742,214.51285747039483,0.504,-824.5830836112644,-2205.996728908849,-2727.5090279698898,10485.00556766456,132.17508090471762,8.487618363027963,37.31771235655571,146.59012790148148,37.31771235655571,-98.76881037216945,214.63338926584407,"{""AC"": -50, ""AC_35_P"": 50, ""AC_40_BP"": -48, ""AC_45_KO"": -230, ""AC_50_C"": 50, ""AC_50_CO"": -20, ""AC_50_C_2"": 28, ""AC_50_P_2"": 20, ""AC_60_C"": 32}",-50,-230,-48,-20,28,20,50,0,0,0,50,32
56213,265.02419068121384,-24.740572543590304,1262.7171202882025,126.27171202882025,126.27171202882025,252.5434240576405,0.508,-1097.3160819286168,-2545.8669647466722,-3205.135703568547,11307.092662728457,155.29258248835214,-9.304829800940354,37.290922377511194,178.59045857757792,37.290922377511194,-135.5765418297606,265.02419068121384,"{""AC"": -60, ""AC_35_P"": 50, ""AC_40_BP"": -50, ""AC_45_KO"": -270, ""AC_50_C"": 48, ""AC_50_CO"": -24, ""AC_50_C_2"": 36, ""AC_50_P_2"": 36, ""AC_60_C"": 46}",-60,-270,-50,-24,36,36,50,0,0,0,48,46
104785,254.9387678257394,-0.9851074344818471,1216.0403474402417,121.60403474402418,121.60403474402418,243.20806948804835,0.5,-1045.8985899085842,-2274.9086884789876,-2862.404229175284,11093.448452083761,150.34890883488097,-6.5358796514066455,37.2519619674397,172.24282964430415,37.2519619674397,-128.13991439543082,254.9387678257394,"{""AC"": -50, ""AC_35_P"": 50, ""AC_40_BP"": -36, ""AC_45_KO"": -230, ""AC_50_C"": 49, ""AC_50_CO"": -20, ""AC_50_C_2"": 30, ""AC_50_P_2"": 38, ""AC_60_C"": 34}",-50,-230,-36,-20,30,38,50,0,0,0,49,34
113440,246.74795173572272,-0.43157940975487463,1159.8924060527584,115.98924060527584,115.98924060527584,231.97848121055168,0.502,-1010.1527426259778,-2526.440890109395,-3203.4059243690235,9366.184486787894,145.73267747312494,-5.790233920771726,37.23042003918814,167.24300445310485,37.23042003918814,-121.77947452604757,246.74795173572272,"{""AC"": -50, ""AC_35_P"": 47, ""AC_40_BP"": -50, ""AC_45_KO"": -270, ""AC_50_C"": 47, ""AC_50_CO"": -18, ""AC_50_C_2"": 32, ""AC_50_P_2"": 40, ""AC_60_C"": 28}",-50,-270,-50,-18,32,40,47,0,0,0,47,28
76242,272.60805281485733,14.260694506545917,1354.3580894012605,135.43580894012604,135.43580894012604,270.8716178802521,0.492,-1117.7766815290634,-2688.423462788154,-3384.3182426556887,13181.951501781765,160.83038466195097,-6.8361175674085075,37.2236461154348,182.86026650337266,37.2236461154348,-142.27192650753454,272.60805281485733,"{""AC"": -55, ""AC_35_P"": 50, ""AC_40_BP"": -48, ""AC_45_KO"": -280, ""AC_50_C"": 50, ""AC_50_CO"": -22, ""AC_50_C_2"": 42, ""AC_50_P_2"": 38, ""AC_60_C"": 38}",-55,-280,-48,-22,42,38,50,0,0,0,50,38
64545,243.27493605073175,7.95011657372504,1250.8666825577134,125.08666825577134,125.08666825577134,250.1733365115427,0.496,-956.7692264169273,-2682.9384722869136,-3368.8978921842777,12405.835547147664,147.59801340903903,4.082629446499936,37.21621796030699,164.16480766594256,37.21621796030699,-121.0040388092714,243.27493605073175,"{""AC"": -50, ""AC_35_P"": 49, ""AC_40_BP"": -50, ""AC_45_KO"": -290, ""AC_50_C"": 49, ""AC_50_CO"": -20, ""AC_50_C_2"": 38, ""AC_50_P_2"": 30, ""AC_60_C"": 32}",-50,-290,-50,-20,38,30,49,0,0,0,49,32
53841,249.9680535521843,-16.334210422784224,1163.8890757718273,116.38890757718272,116.38890757718272,232.77781515436544,0.508,-1030.653324865672,-2387.911697742459,-3017.0610669952175,8867.114009470846,146.9027210656171,-7.695277664233686,37.175601033742154,169.33816041460503,37.175601033742154,-124.0841852414164,249.9680535521843,"{""AC"": -50, ""AC_35_P"": 48, ""AC_40_BP"": -44, ""AC_45_KO"": -250, ""AC_50_C"": 50, ""AC_50_CO"": -16, ""AC_50_C_2"": 30, ""AC_50_P_2"": 40, ""AC_60_C"": 23}",-50,-250,-44,-16,30,40,48,0,0,0,50,23
78341,240.25298789949616,-1.9059683244415737,1170.380493301653,117.0380493301653,117.0380493301653,234.0760986603306,0.502,-963.7466824026709,-2503.3384068209784,-3155.8741906338923,10519.331834336914,143.87831965922908,-0.6836827011715627,37.171960874012875,162.80614144682127,37.171960874012875,-117.72173203133686,240.25298789949616,"{""AC"": -50, ""AC_35_P"": 50, ""AC_40_BP"": -50, ""AC_45_KO"": -270, ""AC_50_C"": 48, ""AC_50_CO"": -18, ""AC_50_C_2"": 24, ""AC_50_P_2"": 34, ""AC_60_C"": 35}",-50,-270,-50,-18,24,34,50,0,0,0,48,35
51851,241.8274591966264,-0.6370395764770933,1138.0691492144701,113.80691492144702,113.80691492144702,227.61382984289403,0.502,-985.1863274661893,-2382.742397179737,-3022.2486190376185,10017.081230777309,143.30882645000747,-4.469122669920921,37.14605261597449,164.11641409295515,37.14605261597449,-118.27603759136794,241.8274591966264,"{""AC"": -50, ""AC_35_P"": 50, ""AC_40_BP"": -44, ""AC_45_KO"": -250, ""AC_50_C"": 48, ""AC_50_CO"": -24, ""AC_50_C_2"": 30, ""AC_50_P_2"": 38, ""AC_60_C"": 36}",-50,-250,-44,-24,30,38,50,0,0,0,48,36
106107,231.93057771320102,10.347750038153492,1122.8008498299298,112.28008498299297,112.28008498299297,224.56016996598595,0.498,-924.3936297716876,-2317.583671978357,-2892.449002059371,10313.077371207099,139.49121473603225,0.8321702702791072,37.13149075595139,157.6408749788684,37.13149075595139,-111.44791471271387,231.93057771320102,"{""AC"": -50, ""AC_35_P"": 50, ""AC_40_BP"": -48, ""AC_45_KO"": -240, ""AC_50_C"": 47, ""AC_50_CO"": -20, ""AC_50_C_2"": 34, ""AC_50_P_2"": 28, ""AC_60_C"": 31}",-50,-240,-48,-20,34,28,50,0,0,0,47,31
74506,223.4133896987379,-4.005052476482671,1083.4331723629257,108.34331723629256,108.34331723629256,216.68663447258513,0.502,-880.8986687249973,-2272.57016809129,-2828.3388916591325,9828.587020132607,135.32352282623816,3.1887225174885714,37.106930771842016,152.28262695341488,37.106930771842016,-105.15459471880399,223.4133896987379,"{""AC"": -50, ""AC_35_P"": 50, ""AC_40_BP"": -50, ""AC_45_KO"": -240, ""AC_50_C"": 46, ""AC_50_CO"": -18, ""AC_50_C_2"": 24, ""AC_50_P_2"": 26, ""AC_60_C"": 35}",-50,-240,-50,-18,24,26,50,0,0,0,46,35
67778,224.41588629630726,-23.132130289745135,1091.6242195804373,109.16242195804372,109.16242195804372,218.32484391608745,0.508,-884.9982435521958,-2541.6965929171092,-3207.013483051248,8452.570461938893,135.91606194108766,3.1663254082583023,37.08493878445604,152.87536862918654,37.08493878445604,-105.99609654978542,224.41588629630726,"{""AC"": -45, ""AC_35_P"": 50, ""AC_40_BP"": -48, ""AC_45_KO"": -290, ""AC_50_C"": 43, ""AC_50_CO"": -10, ""AC_50_C_2"": 26, ""AC_50_P_2"": 28, ""AC_60_C"": 20}",-45,-290,-48,-10,26,28,50,0,0,0,43,20
136853,252.6577686606262,-16.961296122432145,1291.1130993284444,129.11130993284445,129.11130993284445,258.2226198656889,0.502,-1007.0313159369051,-2493.6173488265335,-3118.4779307256695,13382.254698239223,151.95463706693567,0.8999396763999243,37.04741630366823,170.02837538056986,37.04741630366823,-128.21137025644452,252.6577686606262,"{""AC"": -50, ""AC_35_P"": 50, ""AC_40_BP"": -50, ""AC_45_KO"": -250, ""AC_50_C"": 48, ""AC_50_CO"": -22, ""AC_50_C_2"": 36, ""AC_50_P_2"": 34, ""AC_60_C"": 39}",-50,-250,-50,-22,36,34,50,0,0,0,48,39
66030,240.4980710090371,-15.3155487238933,1227.66563575478,122.76656357547799,122.76656357547799,245.53312715095598,0.504,-947.1335922231252,-2383.883671978357,-2958.749002059371,12581.811813820019,145.78471178672456,3.7146729532557856,37.044750387829325,162.44975050401132,37.044750387829325,-119.0518906222222,240.4980710090371,"{""AC"": -50, ""AC_35_P"": 50, ""AC_40_BP"": -50, ""AC_45_KO"": -240, ""AC_50_C"": 48, ""AC_50_CO"": -20, ""AC_50_C_2"": 34, ""AC_50_P_2"": 28, ""AC_60_C"": 36}",-50,-240,-50,-20,34,28,50,0,0,0,48,36
68688,228.58795618047182,-45.985375830889325,1070.659923578632,107.06599235786321,107.06599235786321,214.13198471572642,0.512,-921.014234806908,-2212.742730807971,-2758.165060437813,7954.89805483674,136.486532699781,-1.665602521255181,36.90282478050403,155.7707463506606,36.90282478050403,-108.73159487911839,228.58795618047182,"{""AC"": -55, ""AC_35_P"": 50, ""AC_40_BP"": -44, ""AC_45_KO"": -240, ""AC_50_C"": 50, ""AC_50_CO"": -18, ""AC_50_C_2"": 26, ""AC_50_P_2"": 26, ""AC_60_C"": 30}",-55,-240,-44,-18,26,26,50,0,0,0,50,30
74932,227.76381284325257,15.987018460593703,1079.3223791457053,107.93223791457054,107.93223791457054,215.86447582914107,0.492,-912.7370391370089,-2296.7649411679095,-2902.829333260086,9874.285090347508,136.49010892955167,-0.4204469409996534,36.88713801541598,155.14390140775947,36.88713801541598,-108.35268485557019,227.76381284325257,"{""AC"": -50, ""AC_35_P"": 50, ""AC_40_BP"": -48, ""AC_45_KO"": -240, ""AC_50_C"": 47, ""AC_50_CO"": -26, ""AC_50_C_2"": 26, ""AC_50_P_2"": 34, ""AC_60_C"": 41}",-50,-240,-48,-26,26,34,50,0,0,0,47,41
25308,230.74824794519756,14.123575756689291,1127.465678635843,112.7465678635843,112.7465678635843,225.4931357271686,0.492,-916.7770614497513,-2322.126995951434,-2913.844456615584,10612.076708094351,139.07054180022243,1.553982582759744,36.858404795942725,156.7227529068139,36.858404795942725,-111.19258528082456,230.74824794519756,"{""AC"": -45, ""AC_35_P"": 48, ""AC_40_BP"": -44, ""AC_45_KO"": -240, ""AC_50_C"": 45, ""AC_50_CO"": -18, ""AC_50_C_2"": 32, ""AC_50_P_2"": 32, ""AC_60_C"": 28}",-45,-240,-44,-18,32,32,48,0,0,0,45,28
117767,231.32676343097194,24.776823030080283,1103.7820020474126,110.37820020474126,110.37820020474126,220.75640040948252,0.494,-929.1813087594468,-2224.855379715105,-2804.6321383289187,9463.384486787898,138.40863255502725,-0.9685637588897578,36.760467014684295,157.27314794181427,36.760467014684295,-111.34676396363102,231.32676343097194,"{""AC"": -40, ""AC_35_P"": 50, ""AC_40_BP"": -36, ""AC_45_KO"": -230, ""AC_50_C"": 40, ""AC_50_CO"": -14, ""AC_50_C_2"": 32, ""AC_50_P_2"": 34, ""AC_60_C"": 21}",-40,-230,-36,-14,32,34,50,0,0,0,40,21
83242,218.19517582254403,3.811986965764902,1026.1483618701138,102.61483618701138,102.61483618701138,205.22967237402275,0.5,-868.1594114857982,-2131.7252408678173,-2685.973430463097,8560.843532153795,131.37923467396422,1.1553229510944902,36.66384600616861,149.13349620150126,36.66384600616861,-101.45951323591689,218.19517582254403,"{""AC"": -40, ""AC_35_P"": 50, ""AC_40_BP"": -38, ""AC_45_KO"": -220, ""AC_50_C"": 42, ""AC_50_CO"": -16, ""AC_50_C_2"": 28, ""AC_50_P_2"": 32, ""AC_60_C"": 21}",-40,-220,-38,-16,28,32,50,0,0,0,42,21
69878,267.26040620183164,-6.11876239373737,1264.2959078059719,126.42959078059718,126.42959078059718,252.85918156119436,0.502,-1115.9608237683333,-2455.5081189599696,-3104.8839631935925,10725.64911519651,155.6643238249983,-11.729799740251678,36.651487246283054,179.85496731826566,36.651487246283054,-138.15939052084886,267.26040620183164,"{""AC"": -55, ""AC_35_P"": 50, ""AC_40_BP"": -38, ""AC_45_KO"": -260, ""AC_50_C"": 50, ""AC_50_CO"": -20, ""AC_50_C_2"": 32, ""AC_50_P_2"": 40, ""AC_60_C"": 36}",-55,-260,-38,-20,32,40,50,0,0,0,50,36
47715,255.4145779903547,-17.760003884431683,1179.3129535854196,117.93129535854196,117.93129535854196,235.86259071708392,0.508,-1065.39208123766,-2200.7413302142613,-2775.792378400092,9896.656230777298,148.8753698665887,-10.933442319060305,36.64011812543472,172.6621500888362,36.64011812543472,-128.86473767760225,255.4145779903547,"{""AC"": -55, ""AC_35_P"": 49, ""AC_40_BP"": -40, ""AC_45_KO"": -220, ""AC_50_C"": 50, ""AC_50_CO"": -24, ""AC_50_C_2"": 30, ""AC_50_P_2"": 40, ""AC_60_C"": 39}",-55,-220,-40,-24,30,40,49,0,0,0,50,39
121465,263.32243764302626,-16.70159047062026,1257.856008948646,125.78560089486459,125.78560089486459,251.57120178972917,0.504,-1092.3319897644735,-2447.185109796246,-3045.9665474619487,10902.597185411403,154.08923866657892,-9.760559798092117,36.57983873092296,177.25943793108644,36.57983873092296,-135.5461606929567,263.32243764302626,"{""AC"": -55, ""AC_35_P"": 47, ""AC_40_BP"": -50, ""AC_45_KO"": -250, ""AC_50_C"": 48, ""AC_50_CO"": -14, ""AC_50_C_2"": 34, ""AC_50_P_2"": 36, ""AC_60_C"": 31}",-55,-250,-50,-14,34,36,47,0,0,0,48,31
22594,235.6157930700794,-13.495277573135922,1121.8083351997877,112.18083351997878,112.18083351997878,224.36166703995755,0.506,-953.0566867627797,-2190.934714106404,-2727.027508395412,9703.512020132606,140.31012439380143,-2.6483786206155173,36.56687329567307,159.91775035194573,36.56687329567307,-114.8292121405943,235.6157930700794,"{""AC"": -55, ""AC_35_P"": 50, ""AC_40_BP"": -44, ""AC_45_KO"": -230, ""AC_50_C"": 48, ""AC_50_CO"": -20, ""AC_50_C_2"": 24, ""AC_50_P_2"": 28, ""AC_60_C"": 40}",-55,-230,-44,-20,24,28,50,0,0,0,48,40
116674,225.99135938116297,8.174147253674107,1086.1935368962081,108.61935368962081,108.61935368962081,217.23870737924162,0.5,-900.8207423739445,-2226.3978203009056,-2771.2907617050214,9852.456893890052,135.9092851437685,0.7861737876768302,36.55857118026089,153.79548384006054,36.55857118026089,-107.83317990194398,225.99135938116297,"{""AC"": -50, ""AC_35_P"": 50, ""AC_40_BP"": -46, ""AC_45_KO"": -230, ""AC_50_C"": 48, ""AC_50_CO"": -20, ""AC_50_C_2"": 32, ""AC_50_P_2"": 26, ""AC_60_C"": 30}",-50,-230,-46,-20,32,26,50,0,0,0,48,30
49632,251.96271257068125,-3.617093793151298,1271.2860601451425,127.12860601451425,127.12860601451425,254.2572120290285,0.502,-1012.3587536391212,-2524.5638615922226,-3197.706391880496,12611.25988403492,150.72683720676912,-1.1269758390990603,36.544596517555945,169.5626233850966,36.544596517555945,-128.2555818536133,251.96271257068125,"{""AC"": -40, ""AC_35_P"": 50, ""AC_40_BP"": -44, ""AC_45_KO"": -260, ""AC_50_C"": 33, ""AC_50_CO"": -16, ""AC_50_C_2"": 36, ""AC_50_P_2"": 40, ""AC_60_C"": 36}",-40,-260,-44,-16,36,40,50,0,0,0,33,36
21867,246.57346861493073,19.455906098547302,1215.980578218145,121.59805782181449,121.59805782181449,243.19611564362899,0.496,-994.8684591970953,-2482.4954382480223,-3130.586171080019,11831.49519607317,147.0866226952212,-2.1436461843430834,36.54417082445921,166.43053119962235,36.54417082445921,-123.74170400615758,246.57346861493073,"{""AC"": -50, ""AC_35_P"": 50, ""AC_40_BP"": -46, ""AC_45_KO"": -260, ""AC_50_C"": 50, ""AC_50_CO"": -22, ""AC_50_C_2"": 28, ""AC_50_P_2"": 36, ""AC_60_C"": 38}",-50,-260,-46,-22,28,36,50,0,0,0,50,38
72830,248.89962838998366,19.929156993731524,1211.8914395156914,121.18914395156915,121.18914395156915,242.3782879031383,0.492,-1011.8183394142308,-2546.042286960188,-3243.9788205673995,11209.293325841201,147.7177944485606,-4.05495646357403,36.53230550206449,168.01142543137985,36.53230550206449,-125.24410041514318,248.89962838998366,"{""AC"": -45, ""AC_35_P"": 50, ""AC_40_BP"": -38, ""AC_45_KO"": -270, ""AC_50_C"": 48, ""AC_50_CO"": -22, ""AC_50_C_2"": 38, ""AC_50_P_2"": 40, ""AC_60_C"": 27}",-45,-270,-38,-22,38,40,50,0,0,0,48,27
24408,222.77109525966983,-13.17615034138555,1053.774296838245,105.37742968382449,105.37742968382449,210.75485936764898,0.504,-890.5721121654942,-2376.54748550298,-3001.5407165238066,8041.098054836741,133.7138840431204,0.12806721829628032,36.49656359293347,151.898132230439,36.49656359293347,-105.24936246552821,222.77109525966983,"{""AC"": -45, ""AC_35_P"": 49, ""AC_40_BP"": -50, ""AC_45_KO"": -260, ""AC_50_C"": 40, ""AC_50_CO"": -14, ""AC_50_C_2"": 26, ""AC_50_P_2"": 32, ""AC_60_C"": 26}",-45,-260,-50,-14,26,32,49,0,0,0,40,26
83492,251.35096533206058,-2.395599869683224,1292.9233831407685,129.29233831407686,129.29233831407686,258.5846766281537,0.5,-1001.9652688645403,-2535.219139575948,-3174.4650152565982,13221.728431566866,151.15443844560656,0.859648115925495,36.41000584534112,168.92961731031437,36.41000584534112,-128.43269019815136,251.35096533206058,"{""AC"": -50, ""AC_35_P"": 50, ""AC_40_BP"": -46, ""AC_45_KO"": -260, ""AC_50_C"": 50, ""AC_50_CO"": -22, ""AC_50_C_2"": 40, ""AC_50_P_2"": 32, ""AC_60_C"": 34}",-50,-260,-46,-22,40,32,50,0,0,0,50,34
145688,272.1486411431795,11.470667709555528,1368.8444273859457,136.88444273859457,136.88444273859457,273.76888547718914,0.49,-1115.4277518582362,-2935.782555825484,-3722.54423658222,12688.977828007253,160.60586595735583,-6.708296821379577,36.39225699514675,182.15614286561902,36.39225699514675,-143.59273955997415,272.1486411431795,"{""AC"": -50, ""AC_35_P"": 50, ""AC_40_BP"": -46, ""AC_45_KO"": -320, ""AC_50_C"": 50, ""AC_50_CO"": -18, ""AC_50_C_2"": 46, ""AC_50_P_2"": 40, ""AC_60_C"": 25}",-50,-320,-46,-18,46,40,50,0,0,0,50,25
123028,261.7827471534674,-11.206877839374528,1220.0053060008313,122.00053060008312,122.00053060008312,244.00106120016625,0.508,-1095.97783622569,-2271.215592478302,-2851.780397953965,10069.3023712071,152.18496353089841,-12.211711902955074,36.385806419572376,176.48372269216213,36.385806419572376,-134.2122425030382,261.7827471534674,"{""AC"": -55, ""AC_35_P"": 50, ""AC_40_BP"": -42, ""AC_45_KO"": -230, ""AC_50_C"": 44, ""AC_50_CO"": -20, ""AC_50_C_2"": 34, ""AC_50_P_2"": 38, ""AC_60_C"": 39}",-55,-230,-42,-20,34,38,50,0,0,0,44,39
67207,273.97917421737986,11.10334997392232,1332.8336707458352,133.2833670745835,133.2833670745835,266.566734149167,0.498,-1139.842858064174,-2620.305307176451,-3312.9292880788717,12340.036813820021,159.99488841096246,-10.981540298663617,36.36106197046203,183.6661895455253,36.36106197046203,-144.26490737324713,273.97917421737986,"{""AC"": -55, ""AC_35_P"": 50, ""AC_40_BP"": -40, ""AC_45_KO"": -280, ""AC_50_C"": 50, ""AC_50_CO"": -20, ""AC_50_C_2"": 34, ""AC_50_P_2"": 40, ""AC_60_C"": 39}",-55,-280,-40,-20,34,40,50,0,0,0,50,39
134868,268.02851619640796,21.817903494074756,1320.4440713608117,132.04440713608116,132.04440713608116,264.0888142721623,0.49,-1104.4180124155907,-2487.660117026511,-3114.800489083507,12650.557954249816,157.5867149548489,-8.075986907489721,36.34361076602879,179.79651379160813,36.34361076602879,-140.12039404357088,268.02851619640796,"{""AC"": -50, ""AC_35_P"": 49, ""AC_40_BP"": -42, ""AC_45_KO"": -250, ""AC_50_C"": 50, ""AC_50_CO"": -16, ""AC_50_C_2"": 38, ""AC_50_P_2"": 38, ""AC_60_C"": 28}",-50,-250,-42,-16,38,38,49,0,0,0,50,28
8024,257.4564887884367,-13.67290500363049,1225.260567400094,122.52605674000941,122.52605674000941,245.05211348001882,0.502,-1065.7827368218552,-2251.4311818715855,-2820.906566732645,11308.944592513562,150.87821510625116,-8.989195417027133,36.3260498951537,173.53583776234157,36.3260498951537,-131.51525215703654,257.4564887884367,"{""AC"": -50, ""AC_35_P"": 50, ""AC_40_BP"": -38, ""AC_45_KO"": -220, ""AC_50_C"": 50, ""AC_50_CO"": -20, ""AC_50_C_2"": 34, ""AC_50_P_2"": 38, ""AC_60_C"": 31}",-50,-220,-38,-20,34,38,50,0,0,0,50,31
75338,245.89581710974488,-30.693285274929053,1157.2407057375142,115.72407057375142,115.72407057375142,231.44814114750284,0.512,-1011.6717293392118,-2323.772020318152,-2914.7444566155837,9107.163346358095,144.72864417582372,-7.022115225058059,36.283022421987425,166.38121299934645,36.283022421987425,-122.74618579880948,245.89581710974488,"{""AC"": -55, ""AC_35_P"": 50, ""AC_40_BP"": -42, ""AC_45_KO"": -250, ""AC_50_C"": 49, ""AC_50_CO"": -18, ""AC_50_C_2"": 28, ""AC_50_P_2"": 32, ""AC_60_C"": 33}",-55,-250,-42,-18,28,32,50,0,0,0,49,33
21594,260.0850324416018,-22.45602996549087,1260.1737309832763,126.01737309832762,126.01737309832762,252.03474619665525,0.504,-1072.0000515544139,-2549.4008226474507,-3204.760469812811,11633.641999615713,152.88502728616044,-7.914980447001653,36.27633815927594,174.9806865892992,36.27633815927594,-133.93235354532928,260.0850324416018,"{""AC"": -55, ""AC_35_P"": 49, ""AC_40_BP"": -50, ""AC_45_KO"": -270, ""AC_50_C"": 43, ""AC_50_CO"": -20, ""AC_50_C_2"": 34, ""AC_50_P_2"": 36, ""AC_60_C"": 44}",-55,-270,-50,-20,34,36,49,0,0,0,43,44
136617,211.70966906968187,13.090051881411725,1000.6691796706374,100.06691796706374,100.06691796706374,200.1338359341275,0.498,-836.521535708226,-2635.930961994568,-3415.1084249147734,7130.757100202638,128.05751549885926,2.5792851426253662,36.1979797299161,144.8668627925046,36.1979797299161,-97.48763282443838,211.70966906968187,"{""AC"": -45, ""AC_35_P"": 49, ""AC_40_BP"": -48, ""AC_45_KO"": -310, ""AC_50_C"": 50, ""AC_50_CO"": -24, ""AC_50_C_2"": 22, ""AC_50_P_2"": 38, ""AC_60_C"": 26}",-45,-310,-48,-24,22,38,49,0,0,0,50,26
16473,240.08467603959045,14.076287876666584,1214.8803224582064,121.48803224582063,121.48803224582063,242.97606449164127,0.496,-954.3201615150923,-2503.451671984557,-3138.789781500863,11956.140069830606,144.65265988808122,1.504635660817371,36.192635689416285,161.99665990238069,36.192635689416285,-119.98339658500326,240.08467603959045,"{""AC"": -45, ""AC_35_P"": 50, ""AC_40_BP"": -46, ""AC_45_KO"": -260, ""AC_50_C"": 47, ""AC_50_CO"": -18, ""AC_50_C_2"": 36, ""AC_50_P_2"": 32, ""AC_60_C"": 27}",-45,-260,-46,-18,36,32,50,0,0,0,47,27
28190,228.41407379595466,-52.6510036229875,1073.2108398212893,107.32108398212893,107.32108398212893,214.64216796425785,0.512,-923.8713093178309,-2173.35495222045,-2723.5123850399145,8622.119798826145,136.0269428641716,-2.5537535335030555,36.17283540721559,155.3902373345309,36.17283540721559,-109.87483751563198,228.41407379595466,"{""AC"": -50, ""AC_35_P"": 50, ""AC_40_BP"": -42, ""AC_45_KO"": -230, ""AC_50_C"": 46, ""AC_50_CO"": -18, ""AC_50_C_2"": 24, ""AC_50_P_2"": 30, ""AC_60_C"": 32}",-50,-230,-42,-18,24,30,50,0,0,0,46,32
6664,246.21528041450117,-35.820375380870814,1156.9495715112002,115.69495715112002,115.69495715112002,231.38991430224004,0.512,-1014.8806112721408,-2275.0419928604397,-2857.5431837521014,8263.745461938895,144.72721928728708,-7.504872403534023,36.13571014812005,166.54751056311414,36.13571014812005,-123.19982955465404,246.21528041450117,"{""AC"": -50, ""AC_35_P"": 49, ""AC_40_BP"": -44, ""AC_45_KO"": -240, ""AC_50_C"": 43, ""AC_50_CO"": -12, ""AC_50_C_2"": 26, ""AC_50_P_2"": 36, ""AC_60_C"": 27}",-50,-240,-44,-12,26,36,49,0,0,0,43,27
111293,231.17122084117028,13.494711992477278,1112.6783494835183,111.26783494835183,111.26783494835183,222.53566989670367,0.494,-929.4555614245476,-2199.608688478988,-2787.104229175284,10500.403637879455,138.22566469871552,-1.1926695149666102,36.118969153312236,156.88148403285496,36.118969153312236,-112.46050446331844,231.17122084117028,"{""AC"": -40, ""AC_35_P"": 49, ""AC_40_BP"": -36, ""AC_45_KO"": -220, ""AC_50_C"": 44, ""AC_50_CO"": -20, ""AC_50_C_2"": 30, ""AC_50_P_2"": 38, ""AC_60_C"": 27}",-40,-220,-36,-20,30,38,49,0,0,0,44,27
81850,258.94583136288696,1.0870027795374426,1265.3657602763801,126.536576027638,126.536576027638,253.073152055276,0.498,-1063.8172914844,-2596.857562506214,-3255.898489366684,11377.397788971019,152.56410221444696,-7.008491508213012,36.104949626407986,174.12082278175745,36.104949626407986,-133.54506753585102,258.94583136288696,"{""AC"": -55, ""AC_35_P"": 50, ""AC_40_BP"": -50, ""AC_45_KO"": -280, ""AC_50_C"": 49, ""AC_50_CO"": -16, ""AC_50_C_2"": 28, ""AC_50_P_2"": 34, ""AC_60_C"": 37}",-55,-280,-50,-16,28,34,50,0,0,0,49,37
138445,264.6317740736826,10.718696408598959,1307.6772542968379,130.7677254296838,130.7677254296838,261.5354508593676,0.5,-1087.6282633760231,-2803.6834330440047,-3555.0364637393423,11876.963140045511,155.8689477360803,-7.275291770323179,36.103671852437245,177.55842954746052,36.103671852437245,-138.04301720000697,264.6317740736826,"{""AC"": -50, ""AC_35_P"": 50, ""AC_40_BP"": -46, ""AC_45_KO"": -310, ""AC_50_C"": 43, ""AC_50_CO"": -16, ""AC_50_C_2"": 38, ""AC_50_P_2"": 38, ""AC_60_C"": 33}",-50,-310,-46,-16,38,38,50,0,0,0,43,33
147791,253.52425154251534,-36.6002400015895,1194.2371369673922,119.42371369673921,119.42371369673921,238.84742739347843,0.516,-1051.40452317497,-2335.950932867,-2932.88026828303,9653.235090347505,148.38379922501832,-9.326879251227183,36.10171621790023,171.09809695958202,36.10171621790023,-128.7505929479664,253.52425154251534,"{""AC"": -60, ""AC_35_P"": 50, ""AC_40_BP"": -48, ""AC_45_KO"": -250, ""AC_50_C"": 44, ""AC_50_CO"": -22, ""AC_50_C_2"": 26, ""AC_50_P_2"": 34, ""AC_60_C"": 50}",-60,-250,-48,-22,26,34,50,0,0,0,44,50
40584,260.22903813589255,-54.289010467851995,1219.182018783328,121.9182018783328,121.9182018783328,243.8364037566656,0.514,-1088.0932377440934,-2490.366576232496,-3122.5265281912534,8958.060149900644,151.41971436148322,-11.794271300130788,36.05595153511215,175.3448257791047,36.05595153511215,-133.7124731784636,260.22903813589255,"{""AC"": -60, ""AC_35_P"": 50, ""AC_40_BP"": -48, ""AC_45_KO"": -270, ""AC_50_C"": 50, ""AC_50_CO"": -18, ""AC_50_C_2"": 34, ""AC_50_P_2"": 34, ""AC_60_C"": 33}",-60,-270,-48,-18,34,34,50,0,0,0,50,33
11023,254.22177281131695,-3.667202116944509,1190.6072794650843,119.06072794650842,119.06072794650842,238.12145589301684,0.502,-1057.5771333644946,-2511.4984980448153,-3191.2691776786332,8110.192265481433,148.4640594748675,-10.172510529806686,36.05483883338856,171.5777341564651,36.05483883338856,-129.2332384763151,254.22177281131695,"{""AC"": -55, ""AC_35_P"": 50, ""AC_40_BP"": -44, ""AC_45_KO"": -280, ""AC_50_C"": 45, ""AC_50_CO"": -18, ""AC_50_C_2"": 32, ""AC_50_P_2"": 38, ""AC_60_C"": 32}",-55,-280,-44,-18,32,38,50,0,0,0,45,32
45900,272.21498525774297,-5.853423560942133,1296.8654545758786,129.68654545758787,129.68654545758787,259.37309091517574,0.5,-1142.146471673509,-2571.9850690624057,-3250.544411434369,11142.294592513561,158.00033809039206,-13.321632660634293,36.04974177792268,182.68602530967055,36.04974177792268,-143.00817811822216,272.21498525774297,"{""AC"": -60, ""AC_35_P"": 50, ""AC_40_BP"": -42, ""AC_45_KO"": -280, ""AC_50_C"": 48, ""AC_50_CO"": -22, ""AC_50_C_2"": 34, ""AC_50_P_2"": 38, ""AC_60_C"": 45}",-60,-280,-42,-22,34,38,50,0,0,0,48,45
117560,256.4902769638258,-10.366567134535188,1176.5507719982952,117.65507719982952,117.65507719982952,235.31015439965904,0.506,-1077.7310349511936,-2152.372858679507,-2700.7473913553513,8797.462079685742,148.71717346870645,-12.942481773972588,36.00308312123201,173.18995591630875,36.00308312123201,-130.5975589738021,256.4902769638258,"{""AC"": -60, ""AC_35_P"": 50, ""AC_40_BP"": -40, ""AC_45_KO"": -220, ""AC_50_C"": 48, ""AC_50_CO"": -24, ""AC_50_C_2"": 32, ""AC_50_P_2"": 36, ""AC_60_C"": 42}",-60,-220,-40,-24,32,36,50,0,0,0,48,42
3442,237.78190657418023,-18.33027990872688,1223.8392323046428,122.38392323046428,122.38392323046428,244.76784646092855,0.51,-937.3006547876381,-2366.1819528562073,-2935.5490020593707,12747.688080492375,144.05184109541642,3.456742877270699,35.994846740802366,160.32089302718225,35.994846740802366,-118.92718035319358,237.78190657418023,"{""AC"": -50, ""AC_35_P"": 49, ""AC_40_BP"": -50, ""AC_45_KO"": -240, ""AC_50_C"": 46, ""AC_50_CO"": -20, ""AC_50_C_2"": 30, ""AC_50_P_2"": 28, ""AC_60_C"": 41}",-50,-240,-50,-20,30,28,49,0,0,0,46,41
99058,255.79814611148757,23.581391633812473,1180.391257320184,118.03912573201839,118.03912573201839,236.07825146403678,0.492,-1071.931319095245,-2332.080272910504,-2964.5858332394814,8468.914672583585,148.60501420196306,-12.184683662323692,35.98888538119162,172.6917987237207,35.98888538119162,-130.22380939434208,255.79814611148757,"{""AC"": -55, ""AC_35_P"": 50, ""AC_40_BP"": -36, ""AC_45_KO"": -250, ""AC_50_C"": 50, ""AC_50_CO"": -22, ""AC_50_C_2"": 32, ""AC_50_P_2"": 40, ""AC_60_C"": 32}",-55,-250,-36,-22,32,40,50,0,0,0,50,32
27216,251.45522602417924,23.604137762711872,1242.3191366064143,124.23191366064142,124.23191366064142,248.46382732128285,0.492,-1022.3908963460584,-2711.2222781309083,-3446.9268208505764,11560.540732943358,149.2161363895734,-4.142498062335363,35.98063474194977,169.27770279171594,35.98063474194977,-128.3744117229768,251.45522602417924,"{""AC"": -50, ""AC_35_P"": 50, ""AC_40_BP"": -42, ""AC_45_KO"": -300, ""AC_50_C"": 49, ""AC_50_CO"": -22, ""AC_50_C_2"": 38, ""AC_50_P_2"": 36, ""AC_60_C"": 32}",-50,-300,-42,-22,38,36,50,0,0,0,49,32
47921,242.63142377133823,38.63537282446828,1167.2320155537818,116.72320155537818,116.72320155537818,233.44640311075636,0.486,-988.830242194184,-2609.4456862612965,-3332.4645025639115,9871.429964104947,143.74839955191982,-4.576136777207779,35.94528666452155,164.00911127278448,35.94528666452155,-121.29933833258596,242.63142377133823,"{""AC"": -45, ""AC_35_P"": 50, ""AC_40_BP"": -42, ""AC_45_KO"": -290, ""AC_50_C"": 42, ""AC_50_CO"": -18, ""AC_50_C_2"": 34, ""AC_50_P_2"": 38, ""AC_60_C"": 28}",-45,-290,-42,-18,34,38,50,0,0,0,42,28
31128,256.0892861273956,7.524848292909951,1240.4959973987498,124.04959973987498,124.04959973987498,248.09919947974996,0.496,-1054.2658468667164,-2630.1292446329126,-3354.4507817428303,11085.748452083764,150.66270144072396,-7.47717558928349,35.92460922745067,172.36359384909105,35.92460922745067,-131.52677532915845,256.0892861273956,"{""AC"": -50, ""AC_35_P"": 50, ""AC_40_BP"": -42, ""AC_45_KO"": -290, ""AC_50_C"": 45, ""AC_50_CO"": -20, ""AC_50_C_2"": 30, ""AC_50_P_2"": 40, ""AC_60_C"": 38}",-50,-290,-42,-20,30,40,50,0,0,0,45,38
81271,241.9895761774079,-9.052477983219944,1119.329892373531,111.9329892373531,111.9329892373531,223.8659784747062,0.506,-1000.9248639370946,-2123.547970213452,-2686.531800488381,8351.046728611247,141.89708978369845,-8.241639806865749,35.88435196816717,163.9600856712149,35.88435196816717,-120.17462904421885,241.9895761774079,"{""AC"": -55, ""AC_35_P"": 50, ""AC_40_BP"": -44, ""AC_45_KO"": -220, ""AC_50_C"": 42, ""AC_50_CO"": -24, ""AC_50_C_2"": 22, ""AC_50_P_2"": 38, ""AC_60_C"": 48}",-55,-220,-44,-24,22,38,50,0,0,0,42,48
43082,248.80917853386643,27.171849358690622,1247.947754923739,124.7947754923739,124.7947754923739,249.5895509847478,0.492,-1003.5432409951371,-2702.1731274680146,-3417.856132538627,11686.138803158257,148.4548544343527,-2.076631714917852,35.880304638408916,167.43332261101608,35.880304638408916,-126.87140720729175,248.80917853386643,"{""AC"": -50, ""AC_35_P"": 50, ""AC_40_BP"": -42, ""AC_45_KO"": -300, ""AC_50_C"": 48, ""AC_50_CO"": -20, ""AC_50_C_2"": 40, ""AC_50_P_2"": 32, ""AC_60_C"": 30}",-50,-300,-42,-20,40,32,50,0,0,0,48,30
45506,267.794042247739,-19.85077629697281,1280.5482388564278,128.05482388564278,128.05482388564278,256.10964777128555,0.51,-1119.467350927518,-2600.4034736780973,-3280.919177678633,10951.245255626302,155.84730715498722,-12.0727954841405,35.846527665789935,179.80696872995242,35.846527665789935,-140.12761936978328,267.794042247739,"{""AC"": -55, ""AC_35_P"": 50, ""AC_40_BP"": -44, ""AC_45_KO"": -280, ""AC_50_C"": 47, ""AC_50_CO"": -18, ""AC_50_C_2"": 36, ""AC_50_P_2"": 38, ""AC_60_C"": 35}",-55,-280,-44,-18,36,38,50,0,0,0,47,35
775,246.975948995803,-4.352170354982286,1162.2392899546687,116.22392899546688,116.22392899546688,232.44785799093376,0.502,-1020.131561293783,-2206.3829646749914,-2784.266677132883,9469.582557002792,144.9627928664247,-8.056941327642733,35.84425030400213,166.91338868224716,35.84425030400213,-124.28087032310961,246.975948995803,"{""AC"": -40, ""AC_35_P"": 50, ""AC_40_BP"": -36, ""AC_45_KO"": -220, ""AC_50_C"": 36, ""AC_50_CO"": -12, ""AC_50_C_2"": 34, ""AC_50_P_2"": 40, ""AC_60_C"": 22}",-40,-220,-36,-12,34,40,50,0,0,0,36,22
41257,244.51687370309372,36.982279406627356,1166.8664424486428,116.68664424486428,116.68664424486428,233.37328848972857,0.49,-1002.3876773340756,-2290.921383207589,-2850.323430463097,10082.751104534742,144.27810596968615,-6.0800456304251895,35.81539998055024,165.22582877517385,35.81539998055024,-122.76668987528947,244.51687370309372,"{""AC"": -50, ""AC_35_P"": 48, ""AC_40_BP"": -46, ""AC_45_KO"": -230, ""AC_50_C"": 47, ""AC_50_CO"": -16, ""AC_50_C_2"": 38, ""AC_50_P_2"": 32, ""AC_60_C"": 24}",-50,-230,-46,-16,38,32,48,0,0,0,47,24
53432,229.73951446826229,-15.226093045810615,1137.2398924631893,113.72398924631894,113.72398924631894,227.44797849263787,0.504,-913.8195925710777,-2220.9603178913694,-2755.2912292164933,10936.654241439068,138.3575552111545,1.2846163254928626,35.804580959441175,155.61753752812865,35.804580959441175,-112.43937292082607,229.73951446826229,"{""AC"": -50, ""AC_35_P"": 50, ""AC_40_BP"": -44, ""AC_45_KO"": -230, ""AC_50_C"": 48, ""AC_50_CO"": -18, ""AC_50_C_2"": 24, ""AC_50_P_2"": 26, ""AC_60_C"": 36}",-50,-230,-44,-18,24,26,50,0,0,0,48,36
108618,273.2710080243354,-28.414952156467564,1263.2563649515382,126.32563649515382,126.32563649515382,252.65127299030763,0.508,-1162.1508116969344,-2229.821067930093,-2763.8103068244222,8512.837742798489,157.05592685464194,-17.266694899898198,35.78556802221833,183.5820583157002,35.78556802221833,-143.592331395052,273.2710080243354,"{""AC"": -60, ""AC_35_P"": 50, ""AC_40_BP"": -46, ""AC_45_KO"": -220, ""AC_50_C"": 50, ""AC_50_CO"": -14, ""AC_50_C_2"": 34, ""AC_50_P_2"": 38, ""AC_60_C"": 28}",-60,-220,-46,-14,34,38,50,0,0,0,50,28
54372,239.93838996202203,-49.158535758396546,1136.9739008697773,113.69739008697772,113.69739008697772,227.39478017395544,0.51,-982.0286450716364,-2246.4080438220562,-2795.176105860996,9034.2652761432,141.73552545485836,-5.568771305887083,35.7853981577877,162.41261018669576,35.7853981577877,-119.2661613928648,239.93838996202203,"{""AC"": -55, ""AC_35_P"": 50, ""AC_40_BP"": -44, ""AC_45_KO"": -240, ""AC_50_C"": 47, ""AC_50_CO"": -16, ""AC_50_C_2"": 26, ""AC_50_P_2"": 28, ""AC_60_C"": 34}",-55,-240,-44,-16,26,28,50,0,0,0,47,34
132668,249.41092138630216,-52.195240981804375,1175.6677004301262,117.56677004301261,117.56677004301261,235.13354008602522,0.512,-1032.3897827949513,-2439.8867956180325,-3063.0159502795423,8685.965939255948,146.17194310680702,-8.686524312435665,35.76906894555317,168.39973973580143,35.76906894555317,-126.25329435544828,249.41092138630216,"{""AC"": -60, ""AC_35_P"": 48, ""AC_40_BP"": -48, ""AC_45_KO"": -270, ""AC_50_C"": 50, ""AC_50_CO"": -18, ""AC_50_C_2"": 28, ""AC_50_P_2"": 32, ""AC_60_C"": 36}",-60,-270,-48,-18,28,32,48,0,0,0,50,36
71009,243.73347063550395,-16.76408515898754,1208.153887126019,120.8153887126019,120.8153887126019,241.6307774252038,0.502,-983.7127577970209,-2274.200435886636,-2820.1628525513865,11714.097125858272,145.36219485580185,-2.1947188137512796,35.76886260964987,164.34398556750241,35.76886260964987,-123.01010752635318,243.73347063550395,"{""AC"": -50, ""AC_35_P"": 50, ""AC_40_BP"": -48, ""AC_45_KO"": -230, ""AC_50_C"": 41, ""AC_50_CO"": -16, ""AC_50_C_2"": 26, ""AC_50_P_2"": 30, ""AC_60_C"": 42}",-50,-230,-48,-16,26,30,50,0,0,0,41,42
9958,219.1873513714842,-0.2715211946912177,1057.6197427973702,105.76197427973702,105.76197427973702,211.52394855947404,0.5,-870.4590963046904,-2250.356707304067,-2837.983411192401,9674.235753460252,132.14144174101514,1.5725772953115893,35.737499785912135,149.2239029863154,35.737499785912135,-104.18939698442543,219.1873513714842,"{""AC"": -45, ""AC_35_P"": 48, ""AC_40_BP"": -40, ""AC_45_KO"": -240, ""AC_50_C"": 46, ""AC_50_CO"": -20, ""AC_50_C_2"": 28, ""AC_50_P_2"": 30, ""AC_60_C"": 29}",-45,-240,-40,-20,28,30,48,0,0,0,46,29
133442,273.26352362348337,4.092669126138844,1348.828846130475,134.8828846130475,134.8828846130475,269.765769226095,0.5,-1133.9766381060413,-2449.956823175821,-3058.413404552578,13175.656628024328,159.86585981287925,-10.23063590302695,35.72558560105344,182.84397056491943,35.72558560105344,-145.11352051607446,273.26352362348337,"{""AC"": -50, ""AC_35_P"": 50, ""AC_40_BP"": -42, ""AC_45_KO"": -240, ""AC_50_C"": 50, ""AC_50_CO"": -16, ""AC_50_C_2"": 34, ""AC_50_P_2"": 40, ""AC_60_C"": 32}",-50,-240,-42,-16,34,40,50,0,0,0,50,32
77899,247.017394939201,-19.330271328991444,1187.2228608760045,118.72228608760045,118.72228608760045,237.4445721752009,0.506,-1013.0145905118433,-2410.4602076718197,-3003.221430746274,10101.8043009922,145.71593588801667,-6.236252688759805,35.70406331862431,166.68609389170874,35.70406331862431,-124.95853877636026,247.017394939201,"{""AC"": -55, ""AC_35_P"": 50, ""AC_40_BP"": -44, ""AC_45_KO"": -260, ""AC_50_C"": 49, ""AC_50_CO"": -16, ""AC_50_C_2"": 32, ""AC_50_P_2"": 28, ""AC_60_C"": 31}",-55,-260,-44,-16,32,28,50,0,0,0,49,31
93736,237.08318243749224,23.395148671436687,1151.403220750729,115.14032207507289,115.14032207507289,230.28064415014578,0.496,-958.9476560655306,-2271.0463792301703,-2797.0563525719913,10479.998511636899,141.18841683093916,-2.653731578890415,35.67087299012622,160.3507191154475,35.67087299012622,-117.7940536539633,237.08318243749224,"{""AC"": -55, ""AC_35_P"": 50, ""AC_40_BP"": -50, ""AC_45_KO"": -230, ""AC_50_C"": 49, ""AC_50_CO"": -20, ""AC_50_C_2"": 38, ""AC_50_P_2"": 24, ""AC_60_C"": 32}",-55,-230,-50,-20,38,24,50,0,0,0,49,32
107019,246.25850929613884,-3.4885037269455665,1233.031293509917,123.30312935099171,123.30312935099171,246.60625870198342,0.502,-993.1544728669567,-2345.786588521011,-2928.507372084655,12297.46247693276,146.94306200944317,-2.030108920600327,35.63377369059949,165.77500331504305,35.63377369059949,-125.33323827159204,246.25850929613884,"{""AC"": -45, ""AC_35_P"": 50, ""AC_40_BP"": -44, ""AC_45_KO"": -230, ""AC_50_C"": 47, ""AC_50_CO"": -18, ""AC_50_C_2"": 36, ""AC_50_P_2"": 34, ""AC_60_C"": 28}",-45,-230,-44,-18,36,34,50,0,0,0,47,28
133359,249.41576699384365,9.145900522017541,1275.4444856043822,127.54444856043821,127.54444856043821,255.08889712087642,0.498,-1000.3411178350777,-2666.757131681493,-3345.8630155397755,12715.432954249813,149.38165521033585,-0.6695124649257878,35.592375038362874,167.5125989619802,35.592375038362874,-128.213961025364,249.41576699384365,"{""AC"": -55, ""AC_35_P"": 50, ""AC_40_BP"": -50, ""AC_45_KO"": -290, ""AC_50_C"": 50, ""AC_50_CO"": -22, ""AC_50_C_2"": 38, ""AC_50_P_2"": 28, ""AC_60_C"": 39}",-55,-290,-50,-22,38,28,50,0,0,0,50,39
6965,242.62738667468292,13.504531425243329,1241.9176443490846,124.19176443490846,124.19176443490846,248.38352886981693,0.494,-966.2629937631444,-3017.483398396647,-3844.7824643056965,11330.846522298663,146.00108729836847,1.061638233896815,35.59205539275703,163.2662958777986,35.59205539275703,-123.13012620101165,242.62738667468292,"{""AC"": -50, ""AC_35_P"": 50, ""AC_40_BP"": -48, ""AC_45_KO"": -360, ""AC_50_C"": 48, ""AC_50_CO"": -16, ""AC_50_C_2"": 32, ""AC_50_P_2"": 30, ""AC_60_C"": 30}",-50,-360,-48,-16,32,30,50,0,0,0,48,30
71490,256.57045300491245,4.820415031851439,1280.3143474609763,128.03143474609763,128.03143474609763,256.06286949219526,0.5,-1046.4210961394558,-2385.819388016014,-2974.7312033059743,12751.836150707273,151.92834339096686,-5.034821029951502,35.591571210945276,172.24153951141525,35.591571210945276,-133.06625577604913,256.57045300491245,"{""AC"": -50, ""AC_35_P"": 50, ""AC_40_BP"": -42, ""AC_45_KO"": -240, ""AC_50_C"": 48, ""AC_50_CO"": -18, ""AC_50_C_2"": 32, ""AC_50_P_2"": 34, ""AC_60_C"": 36}",-50,-240,-42,-18,32,34,50,0,0,0,48,36
43291,243.14389151332423,32.718845512868086,1175.2067610213448,117.52067610213449,117.52067610213449,235.04135220426897,0.492,-992.5237485430926,-2389.8365541198277,-3002.467820325431,10724.197848524153,143.89151665901497,-4.987045622448903,35.50499118079312,164.13753506063597,35.50499118079312,-122.50772172458339,243.14389151332423,"{""AC"": -50, ""AC_35_P"": 50, ""AC_40_BP"": -44, ""AC_45_KO"": -250, ""AC_50_C"": 46, ""AC_50_CO"": -20, ""AC_50_C_2"": 36, ""AC_50_P_2"": 32, ""AC_60_C"": 32}",-50,-250,-44,-20,36,32,50,0,0,0,46,32
10867,248.3583753835661,-11.562572322069627,1183.1232869384392,118.31232869384391,118.31232869384391,236.62465738768782,0.502,-1024.6773967846493,-2544.357939478589,-3239.0425413884805,10001.78123077731,145.89063570510118,-7.810973812596217,35.500601518946766,167.54642337087267,35.500601518946766,-126.12330250644013,248.3583753835661,"{""AC"": -50, ""AC_35_P"": 50, ""AC_40_BP"": -40, ""AC_45_KO"": -280, ""AC_50_C"": 50, ""AC_50_CO"": -20, ""AC_50_C_2"": 30, ""AC_50_P_2"": 38, ""AC_60_C"": 30}",-50,-280,-40,-20,30,38,50,0,0,0,50,30
67936,249.51309187078243,2.194429905641357,1219.7679713677906,121.97679713677906,121.97679713677906,243.9535942735581,0.5,-1020.1771579852723,-2626.7848013668067,-3306.209872630405,10613.199778309256,147.4953760722552,-5.53119762553564,35.49811960460207,168.01003468732407,35.49811960460207,-127.5079947623147,249.51309187078243,"{""AC"": -50, ""AC_35_P"": 50, ""AC_40_BP"": -46, ""AC_45_KO"": -290, ""AC_50_C"": 45, ""AC_50_CO"": -14, ""AC_50_C_2"": 34, ""AC_50_P_2"": 32, ""AC_60_C"": 28}",-50,-290,-46,-14,34,32,50,0,0,0,45,28
109589,251.8278895534607,8.571859921847647,1269.4413455364058,126.94413455364058,126.94413455364058,253.88826910728116,0.498,-1019.1085462608571,-2487.280584533405,-3128.575593168309,12854.734220922168,149.91703492737497,-2.9492470117535845,35.48954033751185,169.1364286020077,35.48954033751185,-129.89338156539418,251.8278895534607,"{""AC"": -50, ""AC_35_P"": 50, ""AC_40_BP"": -42, ""AC_45_KO"": -260, ""AC_50_C"": 46, ""AC_50_CO"": -22, ""AC_50_C_2"": 34, ""AC_50_P_2"": 34, ""AC_60_C"": 41}",-50,-260,-42,-22,34,34,50,0,0,0,46,41
88240,259.9194006824626,-12.143970136382563,1249.1419121773254,124.91419121773254,124.91419121773254,249.82838243546507,0.504,-1079.9217673792177,-2501.5328267979053,-3161.460002301339,11248.26959251356,151.9272239445408,-10.061041162341837,35.47403996671366,174.69476450906856,35.47403996671366,-134.97523238007437,259.9194006824626,"{""AC"": -55, ""AC_35_P"": 50, ""AC_40_BP"": -38, ""AC_45_KO"": -270, ""AC_50_C"": 50, ""AC_50_CO"": -22, ""AC_50_C_2"": 34, ""AC_50_P_2"": 36, ""AC_60_C"": 38}",-55,-270,-38,-22,34,36,50,0,0,0,50,38
48834,254.16171683391636,11.966635713921335,1281.7136420166107,128.17136420166108,128.17136420166108,256.34272840332216,0.496,-1030.7526926934581,-2514.5916110905746,-3144.965950279543,12695.307954249813,151.08644756457053,-3.526456339448174,35.46313082906711,170.58124114882818,35.46313082906711,-131.69782054110925,254.16171683391636,"{""AC"": -50, ""AC_35_P"": 50, ""AC_40_BP"": -48, ""AC_45_KO"": -260, ""AC_50_C"": 43, ""AC_50_CO"": -18, ""AC_50_C_2"": 38, ""AC_50_P_2"": 32, ""AC_60_C"": 37}",-50,-260,-48,-18,38,32,50,0,0,0,43,37
120189,274.2956038273394,-6.648722286436396,1372.976031834289,137.2976031834289,137.2976031834289,274.5952063668578,0.502,-1134.8794904317253,-2385.7706838502313,-2954.1680796673,13881.323245771171,160.80765478416686,-9.424268780591945,35.414878670866145,183.2272285098959,35.414878670866145,-146.72187196402083,274.2956038273394,"{""AC"": -50, ""AC_35_P"": 47, ""AC_40_BP"": -46, ""AC_45_KO"": -220, ""AC_50_C"": 50, ""AC_50_CO"": -16, ""AC_50_C_2"": 40, ""AC_50_P_2"": 40, ""AC_60_C"": 30}",-50,-220,-46,-16,40,40,47,0,0,0,50,30
104217,248.56032248886922,3.145770819018935,1160.6165481162861,116.06165481162861,116.06165481162861,232.12330962325723,0.498,-1034.114202718488,-2203.5897045447964,-2781.2051641982284,8597.117869041045,145.1489022170204,-9.968228190752797,35.41236467528171,167.83919865003764,35.41236467528171,-126.02988300238141,248.56032248886922,"{""AC"": -50, ""AC_35_P"": 50, ""AC_40_BP"": -38, ""AC_45_KO"": -230, ""AC_50_C"": 43, ""AC_50_CO"": -16, ""AC_50_C_2"": 26, ""AC_50_P_2"": 38, ""AC_60_C"": 32}",-50,-230,-38,-16,26,38,50,0,0,0,43,32
89336,241.17581448118213,-2.3167205809590428,1156.8226325307678,115.68226325307678,115.68226325307678,231.36452650615357,0.5,-986.1531818508291,-2392.1642834346735,-3015.665950279543,10016.581230777305,142.56049629609922,-5.362480981525152,35.41170557701937,162.94758957537147,35.41170557701937,-121.04474423460194,241.17581448118213,"{""AC"": -50, ""AC_35_P"": 50, ""AC_40_BP"": -40, ""AC_45_KO"": -260, ""AC_50_C"": 45, ""AC_50_CO"": -18, ""AC_50_C_2"": 30, ""AC_50_P_2"": 32, ""AC_60_C"": 33}",-50,-260,-40,-18,30,32,50,0,0,0,45,33
140960,237.73771646971784,0.5719073272175024,1186.4719620366125,118.64719620366125,118.64719620366125,237.2943924073225,0.5,-953.4004633852522,-2529.339928823934,-3187.814418074192,11646.393929400809,142.39767013119263,-0.6123993765952207,35.404048860099394,160.40589424953993,35.404048860099394,-119.25959558025647,237.73771646971784,"{""AC"": -55, ""AC_35_P"": 50, ""AC_40_BP"": -44, ""AC_45_KO"": -280, ""AC_50_C"": 50, ""AC_50_CO"": -26, ""AC_50_C_2"": 32, ""AC_50_P_2"": 28, ""AC_60_C"": 44}",-55,-280,-44,-26,32,28,50,0,0,0,50,44
1629,247.32656431586355,-8.413611519256222,1192.851589544246,119.2851589544246,119.2851589544246,238.5703179088492,0.502,-1015.2017762610647,-2474.698930117148,-3141.1205802130494,9792.460090347504,145.80638668975706,-6.473879749402613,35.403718399491545,166.74518576420417,35.403718399491545,-125.75903870382722,247.32656431586355,"{""AC"": -45, ""AC_35_P"": 50, ""AC_40_BP"": -44, ""AC_45_KO"": -270, ""AC_50_C"": 36, ""AC_50_CO"": -12, ""AC_50_C_2"": 26, ""AC_50_P_2"": 38, ""AC_60_C"": 33}",-45,-270,-44,-12,26,38,50,0,0,0,36,33
19818,259.6214242056512,-0.3735658623475615,1225.2397160787857,122.52397160787856,122.52397160787856,245.04794321575713,0.5,-1086.3953087496639,-2322.869843392084,-2926.0138720640502,9927.681230777303,150.98189333068478,-11.977402981764783,35.40014208926233,174.67066586619833,35.40014208926233,-134.50137458964335,259.6214242056512,"{""AC"": -50, ""AC_35_P"": 48, ""AC_40_BP"": -38, ""AC_45_KO"": -240, ""AC_50_C"": 46, ""AC_50_CO"": -14, ""AC_50_C_2"": 30, ""AC_50_P_2"": 40, ""AC_60_C"": 28}",-50,-240,-38,-14,30,40,48,0,0,0,46,28
87384,234.33803063701563,-31.498570452030094,1108.9688187449872,110.89688187449872,110.89688187449872,221.79376374899743,0.512,-956.6445339825777,-2311.9637864543092,-2884.4985345478985,8184.169195266539,138.67357723875784,-4.8231028586288005,35.39290960237963,158.78158346926207,35.39290960237963,-115.71998473312752,234.33803063701563,"{""AC"": -50, ""AC_35_P"": 50, ""AC_40_BP"": -44, ""AC_45_KO"": -250, ""AC_50_C"": 46, ""AC_50_CO"": -12, ""AC_50_C_2"": 30, ""AC_50_P_2"": 28, ""AC_60_C"": 21}",-50,-250,-44,-12,30,28,50,0,0,0,46,21
24464,242.22553666061327,-19.75433491102774,1175.3085515147975,117.53085515147976,117.53085515147976,235.0617103029595,0.506,-987.1985161485612,-2790.545979612046,-3564.511100312672,8815.31593925595,143.50568504575716,-4.574092376527034,35.38033166258923,163.48289706531529,35.38033166258923,-122.10494752800679,242.22553666061327,"{""AC"": -50, ""AC_35_P"": 50, ""AC_40_BP"": -44, ""AC_45_KO"": -330, ""AC_50_C"": 49, ""AC_50_CO"": -14, ""AC_50_C_2"": 28, ""AC_50_P_2"": 34, ""AC_60_C"": 23}",-50,-330,-44,-14,28,34,50,0,0,0,49,23
123424,275.44716032894155,1.296023380986071,1308.6845946134342,130.86845946134343,130.86845946134343,261.73691892268687,0.5,-1164.4651738187167,-2405.0963871850076,-2997.890508354203,11047.8933258412,159.00064294706988,-15.66913312573763,35.343154525462325,184.50678677266984,35.343154525462325,-146.53759258708106,275.44716032894155,"{""AC"": -55, ""AC_35_P"": 45, ""AC_40_BP"": -44, ""AC_45_KO"": -240, ""AC_50_C"": 50, ""AC_50_CO"": -12, ""AC_50_C_2"": 38, ""AC_50_P_2"": 40, ""AC_60_C"": 25}",-55,-240,-44,-12,38,40,45,0,0,0,50,25
126656,254.50622787383716,17.930624250935637,1259.9953148771226,125.99953148771226,125.99953148771226,251.99906297542452,0.494,-1041.1284253925885,-2732.4867116886203,-3476.3236779412055,11460.867662728462,150.3933853345783,-5.7758784743099625,35.33719832109276,170.94992373227967,35.33719832109276,-131.77540996202222,254.50622787383716,"{""AC"": -45, ""AC_35_P"": 47, ""AC_40_BP"": -46, ""AC_45_KO"": -300, ""AC_50_C"": 40, ""AC_50_CO"": -14, ""AC_50_C_2"": 36, ""AC_50_P_2"": 40, ""AC_60_C"": 29}",-45,-300,-46,-14,36,40,47,0,0,0,40,29
115717,236.1504916363332,-0.46289290153936236,1176.0060504153967,117.60060504153967,117.60060504153967,235.20121008307933,0.5,-947.0253917973507,-2461.061944026928,-3068.1970023425483,11198.37345208376,141.4479524565981,-0.6058563130044945,35.296380345960756,159.39907078608073,35.296380345960756,-118.20646135454416,236.1504916363332,"{""AC"": -55, ""AC_35_P"": 50, ""AC_40_BP"": -46, ""AC_45_KO"": -270, ""AC_50_C"": 50, ""AC_50_CO"": -20, ""AC_50_C_2"": 30, ""AC_50_P_2"": 24, ""AC_60_C"": 38}",-55,-270,-46,-20,30,24,50,0,0,0,50,38
34449,228.0577552107086,0.6484673539287309,1110.464961258397,111.0464961258397,111.0464961258397,222.0929922516794,0.498,-915.0364673825634,-2294.7192721442602,-2862.8012099457974,10234.43249744966,136.55410847245224,-0.7013616349322547,35.27903704040425,154.5443078101205,35.27903704040425,-111.74785776077195,228.0577552107086,"{""AC"": -55, ""AC_35_P"": 50, ""AC_40_BP"": -44, ""AC_45_KO"": -250, ""AC_50_C"": 49, ""AC_50_CO"": -22, ""AC_50_C_2"": 26, ""AC_50_P_2"": 24, ""AC_60_C"": 41}",-55,-250,-44,-22,26,24,50,0,0,0,49,41
